Workbook
Name اسم_المؤسسة: 'الإعدادات'!$B$5
Name السجل_التجاري: 'الإعدادات'!$B$6
Name السنة_المالية: 'الإعدادات'!$B$7
Name العملة: 'الإعدادات'!$B$8
Name مسؤول_الموارد_البشرية: 'الإعدادات'!$B$9
Name شعار_المؤسسة: 'الإعدادات'!$B$10
Name بداية_الدوام: 'الإعدادات'!$B$12
Name نهاية_الدوام: 'الإعدادات'!$B$13
Name مدة_الاستراحة: 'الإعدادات'!$B$14
Name ساعات_العمل_المطلوبة: 'الإعدادات'!$B$15
Name دقائق_السماح: 'الإعدادات'!$B$16
Name احتساب_التأخير: 'الإعدادات'!$B$17
Name احتساب_العمل_الإضافي: 'الإعدادات'!$B$18
Name حد_العمل_الإضافي_دقيقة: 'الإعدادات'!$B$19
Name معامل_العمل_الإضافي: 'الإعدادات'!$B$20
Name تفعيل_الدوام_الليلي: 'الإعدادات'!$B$21
Name تفعيل_الدوام_المرن: 'الإعدادات'!$B$22
Name بداية_الدوام_المرن: 'الإعدادات'!$B$23
Name نهاية_الدوام_المرن: 'الإعدادات'!$B$24
Name أيام_العمل_الأسبوعية: 'الإعدادات'!$B$25
Name تنبيه_انتهاء_العقد: 'الإعدادات'!$B$27
Name تنبيه_وثيقة_90: 'الإعدادات'!$B$28
Name تنبيه_وثيقة_30: 'الإعدادات'!$B$29
Name تنبيه_وثيقة_7: 'الإعدادات'!$B$30
Name فترة_الموظف_الجديد: 'الإعدادات'!$B$31
Name الرصيد_السنوي: 'الإعدادات'!$B$33
Name معدل_الاستحقاق_الشهري: 'الإعدادات'!$B$34
Name السماح_بالرصيد_السالب: 'الإعدادات'!$B$35
Name بداية_احتساب_الرصيد: 'الإعدادات'!$B$36
Name الحد_الأقصى_الإجازة_المتصلة: 'الإعدادات'!$B$37
Name أيام_العمل_الشهرية: 'الإعدادات'!$B$39
Name احتساب_خصم_الغياب: 'الإعدادات'!$B$40
Name ساعات_الخصم_اليومية: 'الإعدادات'!$B$41
Name بادئة_الرقم_الوظيفي: 'الإعدادات'!$B$42
Name احتياطي_تسوية: 'الإعدادات'!$B$43
Name وزن_جودة_العمل: 'الإعدادات'!$B$45
Name وزن_الالتزام: 'الإعدادات'!$B$46
Name وزن_الإنتاجية: 'الإعدادات'!$B$47
Name وزن_التعاون: 'الإعدادات'!$B$48
Name وزن_الأهداف: 'الإعدادات'!$B$49
Name مجموع_الأوزان: 'الإعدادات'!$B$50
Name تقرير_الشهر: 'الإعدادات'!$B$52
Name تقرير_السنة: 'الإعدادات'!$B$53
Name قائمة_الإدارات: 'الإعدادات'!$H$5:$H$64
Name قائمة_الأقسام: 'الإعدادات'!$I$5:$I$64
Name قائمة_المسميات: 'الإعدادات'!$J$5:$J$64
Name قائمة_أنواع_التوظيف: 'الإعدادات'!$K$5:$K$64
Name قائمة_حالات_الموظف: 'الإعدادات'!$L$5:$L$64
Name قائمة_أنواع_الإجازات: 'الإعدادات'!$M$5:$M$64
Name قائمة_حالات_الطلب: 'الإعدادات'!$N$5:$N$64
Name قائمة_حالات_الحضور: 'الإعدادات'!$O$5:$O$64
Name قائمة_أيام_الأسبوع: 'الإعدادات'!$P$5:$P$64
Name قائمة_أنواع_الوثائق: 'الإعدادات'!$Q$5:$Q$64
Name قائمة_أنواع_البدلات: 'الإعدادات'!$R$5:$R$64
Name قائمة_أنواع_الخصومات: 'الإعدادات'!$S$5:$S$64
Name قائمة_حالات_التوظيف: 'الإعدادات'!$T$5:$T$64
Name قائمة_حالات_القرار: 'الإعدادات'!$U$5:$U$64
Name قائمة_أنواع_الجزاءات: 'الإعدادات'!$V$5:$V$64
Name قائمة_أنواع_المكافآت: 'الإعدادات'!$W$5:$W$64
Name قائمة_حالات_العهدة: 'الإعدادات'!$X$5:$X$64

Sheet دليل الاستخدام
A1: دليل استخدام النظام — اقرأ هذا أولًا
A3: تعليمات عامة
B4: • الملف يعمل بدون ماكرو (VBA). جميع الحسابات بمعادلات Excel العادية.
B5: • كل القوائم المنسدلة والحدود الزمنية تُدار من ورقة (الإعدادات). عدّل القيم هناك فقط.
B6: • خلايا الإدخال ملوّنة بالأصفر الفاتح، وخلايا الحساب ملوّنة بالأزرق الفاتح ومحمية من التعديل.
B7: • لإضافة موظف جديد: أدخل صفًا جديدًا في ورقة (الموظفون) مع رقم وظيفي فريد.
B8: • تظهر الموظفين الجدد تلقائيًا في القوائم المنسدلة والتقارير ولوحة التحكم.
B9: • لإضافة قيم جديدة للقوائم: أضفها أسفل العمود المناسب في ورقة (الإعدادات).
B10: • الأوراق محمية بكلمة مرور افتراضية: hr2026 (يمكن تغييرها من مراجعة > إلغاء حماية الورقة).
B11: • الحماية هنا تمنع التعديل العرضي فقط، وليست نظام صلاحيات آمنًا. لا تشارك بيانات الرواتب والملفات الشخصية عبر ملف مفتوح للجميع.
A13: لوحة التحكم
B14: • تعرض مؤشرات القوى العاملة والمؤشرات المالية والتنبيهات الذكية و4 رسوم بيانية.
B15: • تتحدث تلقائيًا عند تعديل بيانات الموظفين أو الرواتب أو الوثائق.
B16: • كل الأرقام محسوبة بمعادلات، ولا تُدخل يدويًا.
A18: الموظفون
B19: • قاعدة البيانات الرئيسية. المعرف الفريد هو (الرقم الوظيفي) في العمود A.
B20: • أدخل الجنس، المؤهل، التخصص، المسمى، الإدارة، القسم، المدير، نوع التوظيف، تواريخ التعيين والعقد، الحالة، الراتب الأساسي والبدلات.
B21: • العمودان (فحص اكتمال البيانات) و(أيام لانتهاء العقد) و(مدة الخدمة) محسوبة تلقائيًا.
B22: • يمنع النظام تكرار الرقم الوظيفي عبر تحقق مخصص، وينبّه عند نقص البيانات الأساسية.
B23: • ملاحظة خصوصية: بيانات الهاتف والحساب البنكي وجهة الطوارئ تُعد حساسة. لا تُتاح لكل من يفتح الملف.
A25: الحضور
B26: • أدخل الرقم الوظيفي والتاريخ ووقت الحضور والانصراف وحالة الدوام.
B27: • يُسترجع اسم الموظف ويوم الأسبوع وأوقات الدوام تلقائيًا من الإعدادات.
B28: • تُحتسب ساعات العمل والتأخير والانصراف المبكر والإضافي تلقائيًا.
B29: • الدوام الليلي: أدخل وقت الانصراف بعد منتصف الليل ويُحتسب الفرق عبر MOD.
B30: • التأخير لا يُحتسب في الإجازات والعطلات والمأموريات (فقط حالتا حاضر/دوام جزئي).
A32: الإجازات
B33: • أدخل الرقم الوظيفي ونوع الإجازة وتاريخي البداية والنهاية وحالة الطلب والمعتمد.
B34: • عدد الأيام والرصيد قبل/بعد محسوبان تلقائيًا.
B35: • لا تُخصم الإجازة من الرصيد إلا عند اعتماد الطلب (حالة = معتمد).
B36: • الرصيد السنوي ومعدل الاستحقاق قابلان للتعديل من الإعدادات.
A38: الرواتب
B39: • أدخل الشهر والسنة والرقم الوظيفي، ثم مكوّنات البدلات والمكافآت والإضافي والخصومات.
B40: • الراتب الأساسي واسم الموظف والإدارة والقسم تُسترجع تلقائيًا من ورقة الموظفين.
B41: • إجمالي الاستحقاقات والخصومات وصافي الراتب محسوبة تلقائيًا.
B42: • عند خصم قسط سلفة أدخل (رقم السلفة) لربط القسط بالسلفة ومنع الخصم المزدوج.
B43: • عمود (تحقق) ينبّه عند تكرار راتب الموظف لنفس الشهر والسنة.
B44: • لا يفترض النظام ضرائب أو تأمينات؛ أي استقطاع قانوني يُدخل يدويًا حسب الدولة واللوائح.
A46: السلف
B47: • أدخل رقم السلفة والموظف والمبلغ وعدد الأقساط. قيمة القسط تُحسب تلقائيًا.
B48: • إجمالي المسدد يُجمع من أقساط السلفة المصروفة في كشوف الرواتب (لمنع الاحتساب المزدوج).
B49: • المبلغ المتبقي = مبلغ السلفة − المسدد.
A51: الوثائق
B52: • سجل وثائق الموظفين مع تواريخ الإصدار والانتهاء.
B53: • العمود (أيام للانتهاء) محسوب وملوّن: أحمر ≤7 أيام أو منتهية، برتقالي ≤30، أصفر ≤90.
A55: التوظيف
B56: • سجل المتقدمين وحالات الطلبات ومواعيد المقابلات والقرار النهائي.
A58: التدريب وتقييم الأداء
B59: • سجل التدريب: الدورة والجهة والتواريخ والتكلفة وحالة الحضور والنتيجة.
B60: • تقييم الأداء: خمسة عناصر من 100، والتقييم النهائي متوسط مرجّح حسب الأوزان في الإعدادات.
A62: الجزاءات والمكافآت
B63: • سجل مستقل للقرارات الإدارية. لا يُنفّذ أي خصم مالي تلقائيًا لمجرد تسجيل جزاء.
B64: • أي أثر مالي يجب إدخاله يدويًا ومعتمدًا في كشف الرواتب.
A66: إنهاء الخدمة
B67: • سجل حالات إنهاء الخدمة وإخلاء الطرف.
B68: • ينبّه النظام تلقائيًا إذا كانت هناك عهد غير مسترجعة للموظف.
B69: • المستحقات النهائية تُدخل يدويًا وفق لائحة المؤسسة؛ لا يفترض النظام قواعد قانونية.
A71: العهد
B72: • سجل العهد والأصول المسلّمة مع حالات التسليم والإرجاع.
A74: التقارير
B75: • 14 تقريرًا جاهزًا للطباعة على A4 باتجاه أفقي، مع عنوان وتاريخ إعداد وترقيم صفحات.
B76: • تقرير الرواتب الشهري: اختر الشهر والسنة من الخليتين B4 و D4.
B77: • أغلب التقارير تعرض كل الصفوف؛ تقرير التأخير والوثائق يعرضان الصفوف المطابقة فقط.
A79: الإعدادات
B80: • كل القيم القابلة للتعديل: المؤسسة، العملة، الدوام، التنبيهات، الإجازات، الرواتب، أوزان التقييم.
B81: • أعمدة القوائم (H وما بعدها) هي مصادر القوائم المنسدلة. أضف قيمًا أسفل أي عمود.
B82: • مجموع الأوزان يجب أن يساوي 1.00.
A84: الملفات المسلّمة
B85: • الملف الرئيسي (قالب فارغ للاستخدام الفعلي).
B86: • نسخة تجريبية ببيانات وهمية لاختبار النظام.
B87: • دليل الاستخدام (هذه الورقة) + تقرير الاختبارات + قائمة الميزات.
A89: افتراضات صريحة
B90: • لا توجد قواعد قانونية أو مالية مفترضة (ضرائب، تأمينات، نهاية الخدمة).
B91: • قيمة ساعات العمل الإضافي تُدخل كمبلغ في كشف الرواتب (لا يوجد تسعير تلقائي بدون معدل).
B92: • الدوام الافتراضي 8:00–17:00 مع استراحة 60 دقيقة، وقابل للتعديل.
B93: • الرصيد السنوي الافتراضي 21 يومًا ومعدل استحقاق 1.75 يوم/شهر، وقابلان للتعديل.

Sheet لوحة التحكم
A1: لوحة التحكم الرئيسية — نظام إدارة الموارد البشرية
B2: =اسم_المؤسسة | H2: ="تاريخ التحديث: "&TEXT(TODAY(),"yyyy-mm-dd")
B4: مؤشرات القوى العاملة
B5: إجمالي الموظفين | D5: الموظفون النشطون | F5: الموظفون الموقوفون | H5: الموظفون المعلقون
B6: =COUNTA(الموظفون_الرقم) | D6: =COUNTIF(الموظفون_الحالة,"نشط") | F6: =COUNTIF(الموظفون_الحالة,"موقوف") | H6: =COUNTIF(الموظفون_الحالة,"معلق")
B7: الموظفون في إجازة | D7: الموظفون الجدد (آخر فترة) | F7: انتهت عقودهم | H7: عقود تنتهي خلال 30 يومًا
B8: =COUNTIF(الموظفون_الحالة,"في إجازة") | D8: =COUNTIFS(الموظفون_التعيين,">="&TODAY()-فترة_الموظف_الجديد,الموظفون_الرقم,"<>") | F8: =SUMPRODUCT(ISNUMBER(الموظفون_نهاية_العقد)*(الموظفون_نهاية_العقد<TODAY())) | H8: =SUMPRODUCT(ISNUMBER(الموظفون_نهاية_العقد)*(الموظفون_نهاية_العقد>=TODAY())*(الموظفون_نهاية_العقد<=TODAY()+تنبيه_انتهاء_العقد))
B9: وثائق تنتهي خلال 30 يومًا | D9: وثائق منتهية | F9: متغيبون (في سجل الحضور) | H9: إجمالي حالات التأخير
B10: =COUNTIFS(الوثائق_ايام,">="&0,الوثائق_ايام,"<="&تنبيه_وثيقة_30) | D10: =COUNTIF(الوثائق_ايام,"<0") | F10: =COUNTIF(الحضور_الحالة,"غائب") | H10: =COUNTIF(الحضور_التأخير,">0")
B12: المؤشرات المالية (من كشوف الرواتب)
B13: إجمالي الرواتب الأساسية | D13: إجمالي البدلات | F13: إجمالي المكافآت | H13: إجمالي الاستحقاقات
B14: =SUM(الرواتب_الاساسي) | D14: =SUM(الرواتب_بدل_النقل)+SUM(الرواتب_بدل_السكن)+SUM(الرواتب_بدلات_اخرى) | F14: =SUM(الرواتب_المكافآت) | H14: =SUM(الرواتب_الاستحقاقات)
B15: إجمالي الخصومات | D15: إجمالي صافي الرواتب | F15: إجمالي السلف المتبقية | H15: قيمة العمل الإضافي
B16: =SUM(الرواتب_الخصومات) | D16: =SUM(الرواتب_الصافي) | F16: =SUM(السلف_المتبقي) | H16: =SUM(الرواتب_الاضافي)
B18: التنبيهات الذكية
B19: =IF(COUNTIFS(الوثائق_ايام,"<0")>0,"⚠ يوجد "&COUNTIFS(الوثائق_ايام,"<0")&" وثيقة منتهية","✓ لا وثائق منتهية")
B20: =IF(COUNTIFS(الوثائق_ايام,">="&0,الوثائق_ايام,"<="&تنبيه_وثيقة_7)>0,"⚠ "&COUNTIFS(الوثائق_ايام,">="&0,الوثائق_ايام,"<="&تنبيه_وثيقة_7)&" وثيقة تنتهي خلال 7 أيام","✓ لا وثائق حرجة")
B21: =IF(SUMPRODUCT(ISNUMBER(الموظفون_نهاية_العقد)*(الموظفون_نهاية_العقد>=TODAY())*(الموظفون_نهاية_العقد<=TODAY()+تنبيه_انتهاء_العقد))>0,"⚠ "&SUMPRODUCT(ISNUMBER(الموظفون_نهاية_العقد)*(الموظفون_نهاية_العقد>=TODAY())*(الموظفون_نهاية_العقد<=TODAY()+تنبيه_انتهاء_العقد))&" عقد ينتهي خلال 30 يومًا","✓ لا عقود قريبة الانتهاء")
B22: =IF(SUMPRODUCT((الرواتب_الرقم<>"")*(الرواتب_التحقق="⚠ مكرر"))>0,"⚠ يوجد راتب مكرر لنفس الموظف والشهر","✓ لا تكرار في كشوف الرواتب")
B23: =IF(COUNTIFS(العهد_الحالة,"مسلمة")>0,"⚠ "&COUNTIFS(العهد_الحالة,"مسلمة")&" عهدة لم تُسترجَع بعد","✓ لا عهد معلقة")
B24: =IF(SUMPRODUCT((الموظفون_الاكتمال="⚠ بيانات ناقصة")*1)>0,"⚠ "&SUMPRODUCT((الموظفون_الاكتمال="⚠ بيانات ناقصة")*1)&" موظف ببيانات ناقصة","✓ بيانات الموظفين مكتملة")
B25: =IF(COUNTIF(السلف_المتبقي,">0")>0,"⚠ "&COUNTIF(السلف_المتبقي,">0")&" سلفة قائمة لم تُسدد بالكامل","✓ لا سلف قائمة")
B28: الرسوم البيانية

Sheet الموظفون
A1: الموظفون — نموذج إدخال
A2: الرقم الوظيفي | B2: الاسم الكامل | C2: الجنس | D2: تاريخ الميلاد | E2: رقم الهاتف | F2: البريد الإلكتروني | G2: العنوان | H2: المؤهل العلمي | I2: التخصص | J2: المسمى الوظيفي | K2: الإدارة | L2: القسم | M2: المدير المباشر | N2: نوع التوظيف | O2: تاريخ التعيين | P2: تاريخ بداية العقد | Q2: تاريخ نهاية العقد | R2: الحالة الوظيفية | S2: الراتب الأساسي | T2: البدلات الثابتة | U2: رقم الحساب البنكي | V2: جهة الاتصال للطوارئ | W2: هاتف الطوارئ | X2: رابط الصورة | Y2: رصيد الإجازات الافتتاحي | Z2: ملاحظات إدارية | AA2: فحص اكتمال البيانات | AB2: أيام لانتهاء العقد | AC2: مدة الخدمة (سنة)
AA3: =IF($A3="","",IF(OR($B3="",$E3="",$K3="",$O3="",$S3=""),"⚠ بيانات ناقصة","مكتمل")) | AB3: =IF(OR($A3="",$Q3=""),"",$Q3-TODAY()) | AC3: =IF(OR($A3="",$O3=""),"",IFERROR(YEARFRAC($O3,TODAY(),1),"")
AA4: =IF($A4="","",IF(OR($B4="",$E4="",$K4="",$O4="",$S4=""),"⚠ بيانات ناقصة","مكتمل")) | AB4: =IF(OR($A4="",$Q4=""),"",$Q4-TODAY()) | AC4: =IF(OR($A4="",$O4=""),"",IFERROR(YEARFRAC($O4,TODAY(),1),"")
AA5: =IF($A5="","",IF(OR($B5="",$E5="",$K5="",$O5="",$S5=""),"⚠ بيانات ناقصة","مكتمل")) | AB5: =IF(OR($A5="",$Q5=""),"",$Q5-TODAY()) | AC5: =IF(OR($A5="",$O5=""),"",IFERROR(YEARFRAC($O5,TODAY(),1),"")
AA6: =IF($A6="","",IF(OR($B6="",$E6="",$K6="",$O6="",$S6=""),"⚠ بيانات ناقصة","مكتمل")) | AB6: =IF(OR($A6="",$Q6=""),"",$Q6-TODAY()) | AC6: =IF(OR($A6="",$O6=""),"",IFERROR(YEARFRAC($O6,TODAY(),1),"")
AA7: =IF($A7="","",IF(OR($B7="",$E7="",$K7="",$O7="",$S7=""),"⚠ بيانات ناقصة","مكتمل")) | AB7: =IF(OR($A7="",$Q7=""),"",$Q7-TODAY()) | AC7: =IF(OR($A7="",$O7=""),"",IFERROR(YEARFRAC($O7,TODAY(),1),"")
AA8: =IF($A8="","",IF(OR($B8="",$E8="",$K8="",$O8="",$S8=""),"⚠ بيانات ناقصة","مكتمل")) | AB8: =IF(OR($A8="",$Q8=""),"",$Q8-TODAY()) | AC8: =IF(OR($A8="",$O8=""),"",IFERROR(YEARFRAC($O8,TODAY(),1),"")
AA9: =IF($A9="","",IF(OR($B9="",$E9="",$K9="",$O9="",$S9=""),"⚠ بيانات ناقصة","مكتمل")) | AB9: =IF(OR($A9="",$Q9=""),"",$Q9-TODAY()) | AC9: =IF(OR($A9="",$O9=""),"",IFERROR(YEARFRAC($O9,TODAY(),1),"")
AA10: =IF($A10="","",IF(OR($B10="",$E10="",$K10="",$O10="",$S10=""),"⚠ بيانات ناقصة","مكتمل")) | AB10: =IF(OR($A10="",$Q10=""),"",$Q10-TODAY()) | AC10: =IF(OR($A10="",$O10=""),"",IFERROR(YEARFRAC($O10,TODAY(),1),"")
AA11: =IF($A11="","",IF(OR($B11="",$E11="",$K11="",$O11="",$S11=""),"⚠ بيانات ناقصة","مكتمل")) | AB11: =IF(OR($A11="",$Q11=""),"",$Q11-TODAY()) | AC11: =IF(OR($A11="",$O11=""),"",IFERROR(YEARFRAC($O11,TODAY(),1),"")
AA12: =IF($A12="","",IF(OR($B12="",$E12="",$K12="",$O12="",$S12=""),"⚠ بيانات ناقصة","مكتمل")) | AB12: =IF(OR($A12="",$Q12=""),"",$Q12-TODAY()) | AC12: =IF(OR($A12="",$O12=""),"",IFERROR(YEARFRAC($O12,TODAY(),1),"")
AA13: =IF($A13="","",IF(OR($B13="",$E13="",$K13="",$O13="",$S13=""),"⚠ بيانات ناقصة","مكتمل")) | AB13: =IF(OR($A13="",$Q13=""),"",$Q13-TODAY()) | AC13: =IF(OR($A13="",$O13=""),"",IFERROR(YEARFRAC($O13,TODAY(),1),"")
AA14: =IF($A14="","",IF(OR($B14="",$E14="",$K14="",$O14="",$S14=""),"⚠ بيانات ناقصة","مكتمل")) | AB14: =IF(OR($A14="",$Q14=""),"",$Q14-TODAY()) | AC14: =IF(OR($A14="",$O14=""),"",IFERROR(YEARFRAC($O14,TODAY(),1),"")
... AA502: =IF($A502="","",IF(OR($B502="",$E502="",$K502="",$O502="",$S502=""),"⚠ بيانات ناقصة","مكتمل")) | AB502: =IF(OR($A502="",$Q502=""),"",$Q502-TODAY()) | AC502: =IF(OR($A502="",$O502=""),"",IFERROR(YEARFRAC($O502,TODAY(),1),"")

Sheet الحضور
A1: الحضور — نموذج إدخال
A2: الرقم الوظيفي | B2: اسم الموظف | C2: التاريخ | D2: يوم الأسبوع | E2: وقت الحضور | F2: وقت الانصراف | G2: بداية الدوام الرسمي | H2: نهاية الدوام الرسمي | I2: مدة الاستراحة (ساعة) | J2: ساعات العمل الفعلية | K2: ساعات التأخير | L2: ساعات الانصراف المبكر | M2: ساعات العمل الإضافي | N2: حالة الدوام | O2: الملاحظات
B3: =IFERROR(INDEX(الموظفون_الاسم,MATCH($A3,الموظفون_الرقم,0)),"") | D3: =IF($C3="","",IFERROR(INDEX(قائمة_أيام_الأسبوع,WEEKDAY($C3,1)),"")) | G3: =IF($A3="","",بداية_الدوام) | H3: =IF($A3="","",نهاية_الدوام) | I3: =IF($A3="","",مدة_الاستراحة/60) | J3: =IF(OR($A3="",$E3="",$F3=""),"",IF(OR($N3="حاضر",$N3="دوام جزئي"),MAX(0,MOD($F3-$E3,1)*24-$I3),0)) | K3: =IF(OR($A3="",$E3=""),"",IF(AND(احتساب_التأخير="نعم",OR($N3="حاضر",$N3="دوام جزئي"),$E3>$G3+دقائق_السماح/1440),($E3-$G3-دقائق_السماح/1440)*24,0)) | L3: =IF(OR($A3="",$F3=""),"",IF(AND(OR($N3="حاضر",$N3="دوام جزئي"),$F3<$H3),($H3-$F3)*24,0)) | M3: =IF(OR($A3="",$F3=""),"",IF(AND(احتساب_العمل_الإضافي="نعم",OR($N3="حاضر",$N3="دوام جزئي"),$F3>$H3,($F3-$H3)*24*60>=حد_العمل_الإضافي_دقيقة),($F3-$H3)*24,0)) | Q3: =IF(AND(ISNUMBER($K3),$K3>0),SUMPRODUCT(ISNUMBER($K$3:$K$502)*($K$3:$K$502>0)*(ROW($K$3:$K$502)<=ROW())),"")
B4: =IFERROR(INDEX(الموظفون_الاسم,MATCH($A4,الموظفون_الرقم,0)),"") | D4: =IF($C4="","",IFERROR(INDEX(قائمة_أيام_الأسبوع,WEEKDAY($C4,1)),"")) | G4: =IF($A4="","",بداية_الدوام) | H4: =IF($A4="","",نهاية_الدوام) | I4: =IF($A4="","",مدة_الاستراحة/60) | J4: =IF(OR($A4="",$E4="",$F4=""),"",IF(OR($N4="حاضر",$N4="دوام جزئي"),MAX(0,MOD($F4-$E4,1)*24-$I4),0)) | K4: =IF(OR($A4="",$E4=""),"",IF(AND(احتساب_التأخير="نعم",OR($N4="حاضر",$N4="دوام جزئي"),$E4>$G4+دقائق_السماح/1440),($E4-$G4-دقائق_السماح/1440)*24,0)) | L4: =IF(OR($A4="",$F4=""),"",IF(AND(OR($N4="حاضر",$N4="دوام جزئي"),$F4<$H4),($H4-$F4)*24,0)) | M4: =IF(OR($A4="",$F4=""),"",IF(AND(احتساب_العمل_الإضافي="نعم",OR($N4="حاضر",$N4="دوام جزئي"),$F4>$H4,($F4-$H4)*24*60>=حد_العمل_الإضافي_دقيقة),($F4-$H4)*24,0)) | Q4: =IF(AND(ISNUMBER($K4),$K4>0),SUMPRODUCT(ISNUMBER($K$3:$K$502)*($K$3:$K$502>0)*(ROW($K$3:$K$502)<=ROW())),"")
B5: =IFERROR(INDEX(الموظفون_الاسم,MATCH($A5,الموظفون_الرقم,0)),"") | D5: =IF($C5="","",IFERROR(INDEX(قائمة_أيام_الأسبوع,WEEKDAY($C5,1)),"")) | G5: =IF($A5="","",بداية_الدوام) | H5: =IF($A5="","",نهاية_الدوام) | I5: =IF($A5="","",مدة_الاستراحة/60) | J5: =IF(OR($A5="",$E5="",$F5=""),"",IF(OR($N5="حاضر",$N5="دوام جزئي"),MAX(0,MOD($F5-$E5,1)*24-$I5),0)) | K5: =IF(OR($A5="",$E5=""),"",IF(AND(احتساب_التأخير="نعم",OR($N5="حاضر",$N5="دوام جزئي"),$E5>$G5+دقائق_السماح/1440),($E5-$G5-دقائق_السماح/1440)*24,0)) | L5: =IF(OR($A5="",$F5=""),"",IF(AND(OR($N5="حاضر",$N5="دوام جزئي"),$F5<$H5),($H5-$F5)*24,0)) | M5: =IF(OR($A5="",$F5=""),"",IF(AND(احتساب_العمل_الإضافي="نعم",OR($N5="حاضر",$N5="دوام جزئي"),$F5>$H5,($F5-$H5)*24*60>=حد_العمل_الإضافي_دقيقة),($F5-$H5)*24,0)) | Q5: =IF(AND(ISNUMBER($K5),$K5>0),SUMPRODUCT(ISNUMBER($K$3:$K$502)*($K$3:$K$502>0)*(ROW($K$3:$K$502)<=ROW())),"")
B6: =IFERROR(INDEX(الموظفون_الاسم,MATCH($A6,الموظفون_الرقم,0)),"") | D6: =IF($C6="","",IFERROR(INDEX(قائمة_أيام_الأسبوع,WEEKDAY($C6,1)),"")) | G6: =IF($A6="","",بداية_الدوام) | H6: =IF($A6="","",نهاية_الدوام) | I6: =IF($A6="","",مدة_الاستراحة/60) | J6: =IF(OR($A6="",$E6="",$F6=""),"",IF(OR($N6="حاضر",$N6="دوام جزئي"),MAX(0,MOD($F6-$E6,1)*24-$I6),0)) | K6: =IF(OR($A6="",$E6=""),"",IF(AND(احتساب_التأخير="نعم",OR($N6="حاضر",$N6="دوام جزئي"),$E6>$G6+دقائق_السماح/1440),($E6-$G6-دقائق_السماح/1440)*24,0)) | L6: =IF(OR($A6="",$F6=""),"",IF(AND(OR($N6="حاضر",$N6="دوام جزئي"),$F6<$H6),($H6-$F6)*24,0)) | M6: =IF(OR($A6="",$F6=""),"",IF(AND(احتساب_العمل_الإضافي="نعم",OR($N6="حاضر",$N6="دوام جزئي"),$F6>$H6,($F6-$H6)*24*60>=حد_العمل_الإضافي_دقيقة),($F6-$H6)*24,0)) | Q6: =IF(AND(ISNUMBER($K6),$K6>0),SUMPRODUCT(ISNUMBER($K$3:$K$502)*($K$3:$K$502>0)*(ROW($K$3:$K$502)<=ROW())),"")
B7: =IFERROR(INDEX(الموظفون_الاسم,MATCH($A7,الموظفون_الرقم,0)),"") | D7: =IF($C7="","",IFERROR(INDEX(قائمة_أيام_الأسبوع,WEEKDAY($C7,1)),"")) | G7: =IF($A7="","",بداية_الدوام) | H7: =IF($A7="","",نهاية_الدوام) | I7: =IF($A7="","",مدة_الاستراحة/60) | J7: =IF(OR($A7="",$E7="",$F7=""),"",IF(OR($N7="حاضر",$N7="دوام جزئي"),MAX(0,MOD($F7-$E7,1)*24-$I7),0)) | K7: =IF(OR($A7="",$E7=""),"",IF(AND(احتساب_التأخير="نعم",OR($N7="حاضر",$N7="دوام جزئي"),$E7>$G7+دقائق_السماح/1440),($E7-$G7-دقائق_السماح/1440)*24,0)) | L7: =IF(OR($A7="",$F7=""),"",IF(AND(OR($N7="حاضر",$N7="دوام جزئي"),$F7<$H7),($H7-$F7)*24,0)) | M7: =IF(OR($A7="",$F7=""),"",IF(AND(احتساب_العمل_الإضافي="نعم",OR($N7="حاضر",$N7="دوام جزئي"),$F7>$H7,($F7-$H7)*24*60>=حد_العمل_الإضافي_دقيقة),($F7-$H7)*24,0)) | Q7: =IF(AND(ISNUMBER($K7),$K7>0),SUMPRODUCT(ISNUMBER($K$3:$K$502)*($K$3:$K$502>0)*(ROW($K$3:$K$502)<=ROW())),"")
B8: =IFERROR(INDEX(الموظفون_الاسم,MATCH($A8,الموظفون_الرقم,0)),"") | D8: =IF($C8="","",IFERROR(INDEX(قائمة_أيام_الأسبوع,WEEKDAY($C8,1)),"")) | G8: =IF($A8="","",بداية_الدوام) | H8: =IF($A8="","",نهاية_الدوام) | I8: =IF($A8="","",مدة_الاستراحة/60) | J8: =IF(OR($A8="",$E8="",$F8=""),"",IF(OR($N8="حاضر",$N8="دوام جزئي"),MAX(0,MOD($F8-$E8,1)*24-$I8),0)) | K8: =IF(OR($A8="",$E8=""),"",IF(AND(احتساب_التأخير="نعم",OR($N8="حاضر",$N8="دوام جزئي"),$E8>$G8+دقائق_السماح/1440),($E8-$G8-دقائق_السماح/1440)*24,0)) | L8: =IF(OR($A8="",$F8=""),"",IF(AND(OR($N8="حاضر",$N8="دوام جزئي"),$F8<$H8),($H8-$F8)*24,0)) | M8: =IF(OR($A8="",$F8=""),"",IF(AND(احتساب_العمل_الإضافي="نعم",OR($N8="حاضر",$N8="دوام جزئي"),$F8>$H8,($F8-$H8)*24*60>=حد_العمل_الإضافي_دقيقة),($F8-$H8)*24,0)) | Q8: =IF(AND(ISNUMBER($K8),$K8>0),SUMPRODUCT(ISNUMBER($K$3:$K$502)*($K$3:$K$502>0)*(ROW($K$3:$K$502)<=ROW())),"")
B9: =IFERROR(INDEX(الموظفون_الاسم,MATCH($A9,الموظفون_الرقم,0)),"") | D9: =IF($C9="","",IFERROR(INDEX(قائمة_أيام_الأسبوع,WEEKDAY($C9,1)),"")) | G9: =IF($A9="","",بداية_الدوام) | H9: =IF($A9="","",نهاية_الدوام) | I9: =IF($A9="","",مدة_الاستراحة/60) | J9: =IF(OR($A9="",$E9="",$F9=""),"",IF(OR($N9="حاضر",$N9="دوام جزئي"),MAX(0,MOD($F9-$E9,1)*24-$I9),0)) | K9: =IF(OR($A9="",$E9=""),"",IF(AND(احتساب_التأخير="نعم",OR($N9="حاضر",$N9="دوام جزئي"),$E9>$G9+دقائق_السماح/1440),($E9-$G9-دقائق_السماح/1440)*24,0)) | L9: =IF(OR($A9="",$F9=""),"",IF(AND(OR($N9="حاضر",$N9="دوام جزئي"),$F9<$H9),($H9-$F9)*24,0)) | M9: =IF(OR($A9="",$F9=""),"",IF(AND(احتساب_العمل_الإضافي="نعم",OR($N9="حاضر",$N9="دوام جزئي"),$F9>$H9,($F9-$H9)*24*60>=حد_العمل_الإضافي_دقيقة),($F9-$H9)*24,0)) | Q9: =IF(AND(ISNUMBER($K9),$K9>0),SUMPRODUCT(ISNUMBER($K$3:$K$502)*($K$3:$K$502>0)*(ROW($K$3:$K$502)<=ROW())),"")
B10: =IFERROR(INDEX(الموظفون_الاسم,MATCH($A10,الموظفون_الرقم,0)),"") | D10: =IF($C10="","",IFERROR(INDEX(قائمة_أيام_الأسبوع,WEEKDAY($C10,1)),"")) | G10: =IF($A10="","",بداية_الدوام) | H10: =IF($A10="","",نهاية_الدوام) | I10: =IF($A10="","",مدة_الاستراحة/60) | J10: =IF(OR($A10="",$E10="",$F10=""),"",IF(OR($N10="حاضر",$N10="دوام جزئي"),MAX(0,MOD($F10-$E10,1)*24-$I10),0)) | K10: =IF(OR($A10="",$E10=""),"",IF(AND(احتساب_التأخير="نعم",OR($N10="حاضر",$N10="دوام جزئي"),$E10>$G10+دقائق_السماح/1440),($E10-$G10-دقائق_السماح/1440)*24,0)) | L10: =IF(OR($A10="",$F10=""),"",IF(AND(OR($N10="حاضر",$N10="دوام جزئي"),$F10<$H10),($H10-$F10)*24,0)) | M10: =IF(OR($A10="",$F10=""),"",IF(AND(احتساب_العمل_الإضافي="نعم",OR($N10="حاضر",$N10="دوام جزئي"),$F10>$H10,($F10-$H10)*24*60>=حد_العمل_الإضافي_دقيقة),($F10-$H10)*24,0)) | Q10: =IF(AND(ISNUMBER($K10),$K10>0),SUMPRODUCT(ISNUMBER($K$3:$K$502)*($K$3:$K$502>0)*(ROW($K$3:$K$502)<=ROW())),"")
B11: =IFERROR(INDEX(الموظفون_الاسم,MATCH($A11,الموظفون_الرقم,0)),"") | D11: =IF($C11="","",IFERROR(INDEX(قائمة_أيام_الأسبوع,WEEKDAY($C11,1)),"")) | G11: =IF($A11="","",بداية_الدوام) | H11: =IF($A11="","",نهاية_الدوام) | I11: =IF($A11="","",مدة_الاستراحة/60) | J11: =IF(OR($A11="",$E11="",$F11=""),"",IF(OR($N11="حاضر",$N11="دوام جزئي"),MAX(0,MOD($F11-$E11,1)*24-$I11),0)) | K11: =IF(OR($A11="",$E11=""),"",IF(AND(احتساب_التأخير="نعم",OR($N11="حاضر",$N11="دوام جزئي"),$E11>$G11+دقائق_السماح/1440),($E11-$G11-دقائق_السماح/1440)*24,0)) | L11: =IF(OR($A11="",$F11=""),"",IF(AND(OR($N11="حاضر",$N11="دوام جزئي"),$F11<$H11),($H11-$F11)*24,0)) | M11: =IF(OR($A11="",$F11=""),"",IF(AND(احتساب_العمل_الإضافي="نعم",OR($N11="حاضر",$N11="دوام جزئي"),$F11>$H11,($F11-$H11)*24*60>=حد_العمل_الإضافي_دقيقة),($F11-$H11)*24,0)) | Q11: =IF(AND(ISNUMBER($K11),$K11>0),SUMPRODUCT(ISNUMBER($K$3:$K$502)*($K$3:$K$502>0)*(ROW($K$3:$K$502)<=ROW())),"")
B12: =IFERROR(INDEX(الموظفون_الاسم,MATCH($A12,الموظفون_الرقم,0)),"") | D12: =IF($C12="","",IFERROR(INDEX(قائمة_أيام_الأسبوع,WEEKDAY($C12,1)),"")) | G12: =IF($A12="","",بداية_الدوام) | H12: =IF($A12="","",نهاية_الدوام) | I12: =IF($A12="","",مدة_الاستراحة/60) | J12: =IF(OR($A12="",$E12="",$F12=""),"",IF(OR($N12="حاضر",$N12="دوام جزئي"),MAX(0,MOD($F12-$E12,1)*24-$I12),0)) | K12: =IF(OR($A12="",$E12=""),"",IF(AND(احتساب_التأخير="نعم",OR($N12="حاضر",$N12="دوام جزئي"),$E12>$G12+دقائق_السماح/1440),($E12-$G12-دقائق_السماح/1440)*24,0)) | L12: =IF(OR($A12="",$F12=""),"",IF(AND(OR($N12="حاضر",$N12="دوام جزئي"),$F12<$H12),($H12-$F12)*24,0)) | M12: =IF(OR($A12="",$F12=""),"",IF(AND(احتساب_العمل_الإضافي="نعم",OR($N12="حاضر",$N12="دوام جزئي"),$F12>$H12,($F12-$H12)*24*60>=حد_العمل_الإضافي_دقيقة),($F12-$H12)*24,0)) | Q12: =IF(AND(ISNUMBER($K12),$K12>0),SUMPRODUCT(ISNUMBER($K$3:$K$502)*($K$3:$K$502>0)*(ROW($K$3:$K$502)<=ROW())),"")
B13: =IFERROR(INDEX(الموظفون_الاسم,MATCH($A13,الموظفون_الرقم,0)),"") | D13: =IF($C13="","",IFERROR(INDEX(قائمة_أيام_الأسبوع,WEEKDAY($C13,1)),"")) | G13: =IF($A13="","",بداية_الدوام) | H13: =IF($A13="","",نهاية_الدوام) | I13: =IF($A13="","",مدة_الاستراحة/60) | J13: =IF(OR($A13="",$E13="",$F13=""),"",IF(OR($N13="حاضر",$N13="دوام جزئي"),MAX(0,MOD($F13-$E13,1)*24-$I13),0)) | K13: =IF(OR($A13="",$E13=""),"",IF(AND(احتساب_التأخير="نعم",OR($N13="حاضر",$N13="دوام جزئي"),$E13>$G13+دقائق_السماح/1440),($E13-$G13-دقائق_السماح/1440)*24,0)) | L13: =IF(OR($A13="",$F13=""),"",IF(AND(OR($N13="حاضر",$N13="دوام جزئي"),$F13<$H13),($H13-$F13)*24,0)) | M13: =IF(OR($A13="",$F13=""),"",IF(AND(احتساب_العمل_الإضافي="نعم",OR($N13="حاضر",$N13="دوام جزئي"),$F13>$H13,($F13-$H13)*24*60>=حد_العمل_الإضافي_دقيقة),($F13-$H13)*24,0)) | Q13: =IF(AND(ISNUMBER($K13),$K13>0),SUMPRODUCT(ISNUMBER($K$3:$K$502)*($K$3:$K$502>0)*(ROW($K$3:$K$502)<=ROW())),"")
B14: =IFERROR(INDEX(الموظفون_الاسم,MATCH($A14,الموظفون_الرقم,0)),"") | D14: =IF($C14="","",IFERROR(INDEX(قائمة_أيام_الأسبوع,WEEKDAY($C14,1)),"")) | G14: =IF($A14="","",بداية_الدوام) | H14: =IF($A14="","",نهاية_الدوام) | I14: =IF($A14="","",مدة_الاستراحة/60) | J14: =IF(OR($A14="",$E14="",$F14=""),"",IF(OR($N14="حاضر",$N14="دوام جزئي"),MAX(0,MOD($F14-$E14,1)*24-$I14),0)) | K14: =IF(OR($A14="",$E14=""),"",IF(AND(احتساب_التأخير="نعم",OR($N14="حاضر",$N14="دوام جزئي"),$E14>$G14+دقائق_السماح/1440),($E14-$G14-دقائق_السماح/1440)*24,0)) | L14: =IF(OR($A14="",$F14=""),"",IF(AND(OR($N14="حاضر",$N14="دوام جزئي"),$F14<$H14),($H14-$F14)*24,0)) | M14: =IF(OR($A14="",$F14=""),"",IF(AND(احتساب_العمل_الإضافي="نعم",OR($N14="حاضر",$N14="دوام جزئي"),$F14>$H14,($F14-$H14)*24*60>=حد_العمل_الإضافي_دقيقة),($F14-$H14)*24,0)) | Q14: =IF(AND(ISNUMBER($K14),$K14>0),SUMPRODUCT(ISNUMBER($K$3:$K$502)*($K$3:$K$502>0)*(ROW($K$3:$K$502)<=ROW())),"")
... B502: =IFERROR(INDEX(الموظفون_الاسم,MATCH($A502,الموظفون_الرقم,0)),"") | D502: =IF($C502="","",IFERROR(INDEX(قائمة_أيام_الأسبوع,WEEKDAY($C502,1)),"")) | G502: =IF($A502="","",بداية_الدوام) | H502: =IF($A502="","",نهاية_الدوام) | I502: =IF($A502="","",مدة_الاستراحة/60) | J502: =IF(OR($A502="",$E502="",$F502=""),"",IF(OR($N502="حاضر",$N502="دوام جزئي"),MAX(0,MOD($F502-$E502,1)*24-$I502),0)) | K502: =IF(OR($A502="",$E502=""),"",IF(AND(احتساب_التأخير="نعم",OR($N502="حاضر",$N502="دوام جزئي"),$E502>$G502+دقائق_السماح/1440),($E502-$G502-دقائق_السماح/1440)*24,0)) | L502: =IF(OR($A502="",$F502=""),"",IF(AND(OR($N502="حاضر",$N502="دوام جزئي"),$F502<$H502),($H502-$F502)*24,0)) | M502: =IF(OR($A502="",$F502=""),"",IF(AND(احتساب_العمل_الإضافي="نعم",OR($N502="حاضر",$N502="دوام جزئي"),$F502>$H502,($F502-$H502)*24*60>=حد_العمل_الإضافي_دقيقة),($F502-$H502)*24,0)) | Q502: =IF(AND(ISNUMBER($K502),$K502>0),SUMPRODUCT(ISNUMBER($K$3:$K$502)*($K$3:$K$502>0)*(ROW($K$3:$K$502)<=ROW())),"")

Sheet الإجازات
A1: الإجازات — نموذج إدخال
A2: رقم الطلب | B2: الرقم الوظيفي | C2: اسم الموظف | D2: نوع الإجازة | E2: تاريخ تقديم الطلب | F2: تاريخ بداية الإجازة | G2: تاريخ نهاية الإجازة | H2: عدد الأيام | I2: الرصيد قبل الطلب | J2: الأيام المستخدمة | K2: الرصيد بعد الطلب | L2: حالة الطلب | M2: اسم المعتمد | N2: تاريخ الاعتماد | O2: الملاحظات
C3: =IFERROR(INDEX(الموظفون_الاسم,MATCH($B3,الموظفون_الرقم,0)),"") | H3: =IF(OR($F3="",$G3=""),"",MAX(0,$G3-$F3+1)) | I3: =IF($B3="","",IFERROR(INDEX(الموظفون_الافتتاحي,MATCH($B3,الموظفون_الرقم,0)),0)+IF($D3<>"سنوية",0,IFERROR(DATEDIF(بداية_احتساب_الرصيد,TODAY(),"M"),0)*معدل_الاستحقاق_الشهري)-SUMIFS($J$3:$J$502,$B$3:$B$502,$B3,$D$3:$D$502,"سنوية",$L$3:$L$502,"معتمد",$A$3:$A$502,"<"&$A3)) | J3: =IF($L3="معتمد",$H3,0) | K3: =IF($B3="","",$I3-$J3)
C4: =IFERROR(INDEX(الموظفون_الاسم,MATCH($B4,الموظفون_الرقم,0)),"") | H4: =IF(OR($F4="",$G4=""),"",MAX(0,$G4-$F4+1)) | I4: =IF($B4="","",IFERROR(INDEX(الموظفون_الافتتاحي,MATCH($B4,الموظفون_الرقم,0)),0)+IF($D4<>"سنوية",0,IFERROR(DATEDIF(بداية_احتساب_الرصيد,TODAY(),"M"),0)*معدل_الاستحقاق_الشهري)-SUMIFS($J$3:$J$502,$B$3:$B$502,$B4,$D$3:$D$502,"سنوية",$L$3:$L$502,"معتمد",$A$3:$A$502,"<"&$A4)) | J4: =IF($L4="معتمد",$H4,0) | K4: =IF($B4="","",$I4-$J4)
C5: =IFERROR(INDEX(الموظفون_الاسم,MATCH($B5,الموظفون_الرقم,0)),"") | H5: =IF(OR($F5="",$G5=""),"",MAX(0,$G5-$F5+1)) | I5: =IF($B5="","",IFERROR(INDEX(الموظفون_الافتتاحي,MATCH($B5,الموظفون_الرقم,0)),0)+IF($D5<>"سنوية",0,IFERROR(DATEDIF(بداية_احتساب_الرصيد,TODAY(),"M"),0)*معدل_الاستحقاق_الشهري)-SUMIFS($J$3:$J$502,$B$3:$B$502,$B5,$D$3:$D$502,"سنوية",$L$3:$L$502,"معتمد",$A$3:$A$502,"<"&$A5)) | J5: =IF($L5="معتمد",$H5,0) | K5: =IF($B5="","",$I5-$J5)
C6: =IFERROR(INDEX(الموظفون_الاسم,MATCH($B6,الموظفون_الرقم,0)),"") | H6: =IF(OR($F6="",$G6=""),"",MAX(0,$G6-$F6+1)) | I6: =IF($B6="","",IFERROR(INDEX(الموظفون_الافتتاحي,MATCH($B6,الموظفون_الرقم,0)),0)+IF($D6<>"سنوية",0,IFERROR(DATEDIF(بداية_احتساب_الرصيد,TODAY(),"M"),0)*معدل_الاستحقاق_الشهري)-SUMIFS($J$3:$J$502,$B$3:$B$502,$B6,$D$3:$D$502,"سنوية",$L$3:$L$502,"معتمد",$A$3:$A$502,"<"&$A6)) | J6: =IF($L6="معتمد",$H6,0) | K6: =IF($B6="","",$I6-$J6)
C7: =IFERROR(INDEX(الموظفون_الاسم,MATCH($B7,الموظفون_الرقم,0)),"") | H7: =IF(OR($F7="",$G7=""),"",MAX(0,$G7-$F7+1)) | I7: =IF($B7="","",IFERROR(INDEX(الموظفون_الافتتاحي,MATCH($B7,الموظفون_الرقم,0)),0)+IF($D7<>"سنوية",0,IFERROR(DATEDIF(بداية_احتساب_الرصيد,TODAY(),"M"),0)*معدل_الاستحقاق_الشهري)-SUMIFS($J$3:$J$502,$B$3:$B$502,$B7,$D$3:$D$502,"سنوية",$L$3:$L$502,"معتمد",$A$3:$A$502,"<"&$A7)) | J7: =IF($L7="معتمد",$H7,0) | K7: =IF($B7="","",$I7-$J7)
C8: =IFERROR(INDEX(الموظفون_الاسم,MATCH($B8,الموظفون_الرقم,0)),"") | H8: =IF(OR($F8="",$G8=""),"",MAX(0,$G8-$F8+1)) | I8: =IF($B8="","",IFERROR(INDEX(الموظفون_الافتتاحي,MATCH($B8,الموظفون_الرقم,0)),0)+IF($D8<>"سنوية",0,IFERROR(DATEDIF(بداية_احتساب_الرصيد,TODAY(),"M"),0)*معدل_الاستحقاق_الشهري)-SUMIFS($J$3:$J$502,$B$3:$B$502,$B8,$D$3:$D$502,"سنوية",$L$3:$L$502,"معتمد",$A$3:$A$502,"<"&$A8)) | J8: =IF($L8="معتمد",$H8,0) | K8: =IF($B8="","",$I8-$J8)
C9: =IFERROR(INDEX(الموظفون_الاسم,MATCH($B9,الموظفون_الرقم,0)),"") | H9: =IF(OR($F9="",$G9=""),"",MAX(0,$G9-$F9+1)) | I9: =IF($B9="","",IFERROR(INDEX(الموظفون_الافتتاحي,MATCH($B9,الموظفون_الرقم,0)),0)+IF($D9<>"سنوية",0,IFERROR(DATEDIF(بداية_احتساب_الرصيد,TODAY(),"M"),0)*معدل_الاستحقاق_الشهري)-SUMIFS($J$3:$J$502,$B$3:$B$502,$B9,$D$3:$D$502,"سنوية",$L$3:$L$502,"معتمد",$A$3:$A$502,"<"&$A9)) | J9: =IF($L9="معتمد",$H9,0) | K9: =IF($B9="","",$I9-$J9)
C10: =IFERROR(INDEX(الموظفون_الاسم,MATCH($B10,الموظفون_الرقم,0)),"") | H10: =IF(OR($F10="",$G10=""),"",MAX(0,$G10-$F10+1)) | I10: =IF($B10="","",IFERROR(INDEX(الموظفون_الافتتاحي,MATCH($B10,الموظفون_الرقم,0)),0)+IF($D10<>"سنوية",0,IFERROR(DATEDIF(بداية_احتساب_الرصيد,TODAY(),"M"),0)*معدل_الاستحقاق_الشهري)-SUMIFS($J$3:$J$502,$B$3:$B$502,$B10,$D$3:$D$502,"سنوية",$L$3:$L$502,"معتمد",$A$3:$A$502,"<"&$A10)) | J10: =IF($L10="معتمد",$H10,0) | K10: =IF($B10="","",$I10-$J10)
C11: =IFERROR(INDEX(الموظفون_الاسم,MATCH($B11,الموظفون_الرقم,0)),"") | H11: =IF(OR($F11="",$G11=""),"",MAX(0,$G11-$F11+1)) | I11: =IF($B11="","",IFERROR(INDEX(الموظفون_الافتتاحي,MATCH($B11,الموظفون_الرقم,0)),0)+IF($D11<>"سنوية",0,IFERROR(DATEDIF(بداية_احتساب_الرصيد,TODAY(),"M"),0)*معدل_الاستحقاق_الشهري)-SUMIFS($J$3:$J$502,$B$3:$B$502,$B11,$D$3:$D$502,"سنوية",$L$3:$L$502,"معتمد",$A$3:$A$502,"<"&$A11)) | J11: =IF($L11="معتمد",$H11,0) | K11: =IF($B11="","",$I11-$J11)
C12: =IFERROR(INDEX(الموظفون_الاسم,MATCH($B12,الموظفون_الرقم,0)),"") | H12: =IF(OR($F12="",$G12=""),"",MAX(0,$G12-$F12+1)) | I12: =IF($B12="","",IFERROR(INDEX(الموظفون_الافتتاحي,MATCH($B12,الموظفون_الرقم,0)),0)+IF($D12<>"سنوية",0,IFERROR(DATEDIF(بداية_احتساب_الرصيد,TODAY(),"M"),0)*معدل_الاستحقاق_الشهري)-SUMIFS($J$3:$J$502,$B$3:$B$502,$B12,$D$3:$D$502,"سنوية",$L$3:$L$502,"معتمد",$A$3:$A$502,"<"&$A12)) | J12: =IF($L12="معتمد",$H12,0) | K12: =IF($B12="","",$I12-$J12)
C13: =IFERROR(INDEX(الموظفون_الاسم,MATCH($B13,الموظفون_الرقم,0)),"") | H13: =IF(OR($F13="",$G13=""),"",MAX(0,$G13-$F13+1)) | I13: =IF($B13="","",IFERROR(INDEX(الموظفون_الافتتاحي,MATCH($B13,الموظفون_الرقم,0)),0)+IF($D13<>"سنوية",0,IFERROR(DATEDIF(بداية_احتساب_الرصيد,TODAY(),"M"),0)*معدل_الاستحقاق_الشهري)-SUMIFS($J$3:$J$502,$B$3:$B$502,$B13,$D$3:$D$502,"سنوية",$L$3:$L$502,"معتمد",$A$3:$A$502,"<"&$A13)) | J13: =IF($L13="معتمد",$H13,0) | K13: =IF($B13="","",$I13-$J13)
C14: =IFERROR(INDEX(الموظفون_الاسم,MATCH($B14,الموظفون_الرقم,0)),"") | H14: =IF(OR($F14="",$G14=""),"",MAX(0,$G14-$F14+1)) | I14: =IF($B14="","",IFERROR(INDEX(الموظفون_الافتتاحي,MATCH($B14,الموظفون_الرقم,0)),0)+IF($D14<>"سنوية",0,IFERROR(DATEDIF(بداية_احتساب_الرصيد,TODAY(),"M"),0)*معدل_الاستحقاق_الشهري)-SUMIFS($J$3:$J$502,$B$3:$B$502,$B14,$D$3:$D$502,"سنوية",$L$3:$L$502,"معتمد",$A$3:$A$502,"<"&$A14)) | J14: =IF($L14="معتمد",$H14,0) | K14: =IF($B14="","",$I14-$J14)
... C502: =IFERROR(INDEX(الموظفون_الاسم,MATCH($B502,الموظفون_الرقم,0)),"") | H502: =IF(OR($F502="",$G502=""),"",MAX(0,$G502-$F502+1)) | I502: =IF($B502="","",IFERROR(INDEX(الموظفون_الافتتاحي,MATCH($B502,الموظفون_الرقم,0)),0)+IF($D502<>"سنوية",0,IFERROR(DATEDIF(بداية_احتساب_الرصيد,TODAY(),"M"),0)*معدل_الاستحقاق_الشهري)-SUMIFS($J$3:$J$502,$B$3:$B$502,$B502,$D$3:$D$502,"سنوية",$L$3:$L$502,"معتمد",$A$3:$A$502,"<"&$A502)) | J502: =IF($L502="معتمد",$H502,0) | K502: =IF($B502="","",$I502-$J502)

Sheet الرواتب
A1: الرواتب — نموذج إدخال
A2: الشهر | B2: السنة | C2: الرقم الوظيفي | D2: اسم الموظف | E2: الإدارة | F2: القسم | G2: الراتب الأساسي | H2: بدل النقل | I2: بدل السكن | J2: بدلات أخرى | K2: المكافآت | L2: قيمة العمل الإضافي | M2: رقم السلفة | N2: خصم تأخير | O2: خصم غياب | P2: خصم جزاء | Q2: قسط سلفة | R2: استقطاعات أخرى | S2: إجمالي الاستحقاقات | T2: إجمالي الخصومات | U2: صافي الراتب | V2: حالة الصرف | W2: تاريخ الصرف | X2: ملاحظات | Y2: تحقق (تكرار الشهر)
D3: =IFERROR(INDEX(الموظفون_الاسم,MATCH($C3,الموظفون_الرقم,0)),"") | E3: =IFERROR(INDEX(الموظفون_الإدارة,MATCH($C3,الموظفون_الرقم,0)),"") | F3: =IFERROR(INDEX(الموظفون_القسم,MATCH($C3,الموظفون_الرقم,0)),"") | G3: =IF($C3="","",IFERROR(INDEX(الموظفون_الاساسي,MATCH($C3,الموظفون_الرقم,0)),0)) | S3: =IF($C3="","",SUM($G3:$L3)) | T3: =IF($C3="","",SUM($N3:$R3)) | U3: =IF($C3="","",$S3-$T3) | Y3: =IF($C3="","",IF(SUMPRODUCT(($C$3:$C$502=$C3)*($A$3:$A$502=$A3)*($B$3:$B$502=$B3))>1,"⚠ مكرر","سليم")) | Z3: =IF(AND($C3<>"",$A3=تقرير_الشهر,$B3=تقرير_السنة),SUMPRODUCT(($C$3:$C$502<>"")*($A$3:$A$502=تقرير_الشهر)*($B$3:$B$502=تقرير_السنة)*(ROW($C$3:$C$502)<=ROW())),"")
D4: =IFERROR(INDEX(الموظفون_الاسم,MATCH($C4,الموظفون_الرقم,0)),"") | E4: =IFERROR(INDEX(الموظفون_الإدارة,MATCH($C4,الموظفون_الرقم,0)),"") | F4: =IFERROR(INDEX(الموظفون_القسم,MATCH($C4,الموظفون_الرقم,0)),"") | G4: =IF($C4="","",IFERROR(INDEX(الموظفون_الاساسي,MATCH($C4,الموظفون_الرقم,0)),0)) | S4: =IF($C4="","",SUM($G4:$L4)) | T4: =IF($C4="","",SUM($N4:$R4)) | U4: =IF($C4="","",$S4-$T4) | Y4: =IF($C4="","",IF(SUMPRODUCT(($C$3:$C$502=$C4)*($A$3:$A$502=$A4)*($B$3:$B$502=$B4))>1,"⚠ مكرر","سليم")) | Z4: =IF(AND($C4<>"",$A4=تقرير_الشهر,$B4=تقرير_السنة),SUMPRODUCT(($C$3:$C$502<>"")*($A$3:$A$502=تقرير_الشهر)*($B$3:$B$502=تقرير_السنة)*(ROW($C$3:$C$502)<=ROW())),"")
D5: =IFERROR(INDEX(الموظفون_الاسم,MATCH($C5,الموظفون_الرقم,0)),"") | E5: =IFERROR(INDEX(الموظفون_الإدارة,MATCH($C5,الموظفون_الرقم,0)),"") | F5: =IFERROR(INDEX(الموظفون_القسم,MATCH($C5,الموظفون_الرقم,0)),"") | G5: =IF($C5="","",IFERROR(INDEX(الموظفون_الاساسي,MATCH($C5,الموظفون_الرقم,0)),0)) | S5: =IF($C5="","",SUM($G5:$L5)) | T5: =IF($C5="","",SUM($N5:$R5)) | U5: =IF($C5="","",$S5-$T5) | Y5: =IF($C5="","",IF(SUMPRODUCT(($C$3:$C$502=$C5)*($A$3:$A$502=$A5)*($B$3:$B$502=$B5))>1,"⚠ مكرر","سليم")) | Z5: =IF(AND($C5<>"",$A5=تقرير_الشهر,$B5=تقرير_السنة),SUMPRODUCT(($C$3:$C$502<>"")*($A$3:$A$502=تقرير_الشهر)*($B$3:$B$502=تقرير_السنة)*(ROW($C$3:$C$502)<=ROW())),"")
D6: =IFERROR(INDEX(الموظفون_الاسم,MATCH($C6,الموظفون_الرقم,0)),"") | E6: =IFERROR(INDEX(الموظفون_الإدارة,MATCH($C6,الموظفون_الرقم,0)),"") | F6: =IFERROR(INDEX(الموظفون_القسم,MATCH($C6,الموظفون_الرقم,0)),"") | G6: =IF($C6="","",IFERROR(INDEX(الموظفون_الاساسي,MATCH($C6,الموظفون_الرقم,0)),0)) | S6: =IF($C6="","",SUM($G6:$L6)) | T6: =IF($C6="","",SUM($N6:$R6)) | U6: =IF($C6="","",$S6-$T6) | Y6: =IF($C6="","",IF(SUMPRODUCT(($C$3:$C$502=$C6)*($A$3:$A$502=$A6)*($B$3:$B$502=$B6))>1,"⚠ مكرر","سليم")) | Z6: =IF(AND($C6<>"",$A6=تقرير_الشهر,$B6=تقرير_السنة),SUMPRODUCT(($C$3:$C$502<>"")*($A$3:$A$502=تقرير_الشهر)*($B$3:$B$502=تقرير_السنة)*(ROW($C$3:$C$502)<=ROW())),"")
D7: =IFERROR(INDEX(الموظفون_الاسم,MATCH($C7,الموظفون_الرقم,0)),"") | E7: =IFERROR(INDEX(الموظفون_الإدارة,MATCH($C7,الموظفون_الرقم,0)),"") | F7: =IFERROR(INDEX(الموظفون_القسم,MATCH($C7,الموظفون_الرقم,0)),"") | G7: =IF($C7="","",IFERROR(INDEX(الموظفون_الاساسي,MATCH($C7,الموظفون_الرقم,0)),0)) | S7: =IF($C7="","",SUM($G7:$L7)) | T7: =IF($C7="","",SUM($N7:$R7)) | U7: =IF($C7="","",$S7-$T7) | Y7: =IF($C7="","",IF(SUMPRODUCT(($C$3:$C$502=$C7)*($A$3:$A$502=$A7)*($B$3:$B$502=$B7))>1,"⚠ مكرر","سليم")) | Z7: =IF(AND($C7<>"",$A7=تقرير_الشهر,$B7=تقرير_السنة),SUMPRODUCT(($C$3:$C$502<>"")*($A$3:$A$502=تقرير_الشهر)*($B$3:$B$502=تقرير_السنة)*(ROW($C$3:$C$502)<=ROW())),"")
D8: =IFERROR(INDEX(الموظفون_الاسم,MATCH($C8,الموظفون_الرقم,0)),"") | E8: =IFERROR(INDEX(الموظفون_الإدارة,MATCH($C8,الموظفون_الرقم,0)),"") | F8: =IFERROR(INDEX(الموظفون_القسم,MATCH($C8,الموظفون_الرقم,0)),"") | G8: =IF($C8="","",IFERROR(INDEX(الموظفون_الاساسي,MATCH($C8,الموظفون_الرقم,0)),0)) | S8: =IF($C8="","",SUM($G8:$L8)) | T8: =IF($C8="","",SUM($N8:$R8)) | U8: =IF($C8="","",$S8-$T8) | Y8: =IF($C8="","",IF(SUMPRODUCT(($C$3:$C$502=$C8)*($A$3:$A$502=$A8)*($B$3:$B$502=$B8))>1,"⚠ مكرر","سليم")) | Z8: =IF(AND($C8<>"",$A8=تقرير_الشهر,$B8=تقرير_السنة),SUMPRODUCT(($C$3:$C$502<>"")*($A$3:$A$502=تقرير_الشهر)*($B$3:$B$502=تقرير_السنة)*(ROW($C$3:$C$502)<=ROW())),"")
D9: =IFERROR(INDEX(الموظفون_الاسم,MATCH($C9,الموظفون_الرقم,0)),"") | E9: =IFERROR(INDEX(الموظفون_الإدارة,MATCH($C9,الموظفون_الرقم,0)),"") | F9: =IFERROR(INDEX(الموظفون_القسم,MATCH($C9,الموظفون_الرقم,0)),"") | G9: =IF($C9="","",IFERROR(INDEX(الموظفون_الاساسي,MATCH($C9,الموظفون_الرقم,0)),0)) | S9: =IF($C9="","",SUM($G9:$L9)) | T9: =IF($C9="","",SUM($N9:$R9)) | U9: =IF($C9="","",$S9-$T9) | Y9: =IF($C9="","",IF(SUMPRODUCT(($C$3:$C$502=$C9)*($A$3:$A$502=$A9)*($B$3:$B$502=$B9))>1,"⚠ مكرر","سليم")) | Z9: =IF(AND($C9<>"",$A9=تقرير_الشهر,$B9=تقرير_السنة),SUMPRODUCT(($C$3:$C$502<>"")*($A$3:$A$502=تقرير_الشهر)*($B$3:$B$502=تقرير_السنة)*(ROW($C$3:$C$502)<=ROW())),"")
D10: =IFERROR(INDEX(الموظفون_الاسم,MATCH($C10,الموظفون_الرقم,0)),"") | E10: =IFERROR(INDEX(الموظفون_الإدارة,MATCH($C10,الموظفون_الرقم,0)),"") | F10: =IFERROR(INDEX(الموظفون_القسم,MATCH($C10,الموظفون_الرقم,0)),"") | G10: =IF($C10="","",IFERROR(INDEX(الموظفون_الاساسي,MATCH($C10,الموظفون_الرقم,0)),0)) | S10: =IF($C10="","",SUM($G10:$L10)) | T10: =IF($C10="","",SUM($N10:$R10)) | U10: =IF($C10="","",$S10-$T10) | Y10: =IF($C10="","",IF(SUMPRODUCT(($C$3:$C$502=$C10)*($A$3:$A$502=$A10)*($B$3:$B$502=$B10))>1,"⚠ مكرر","سليم")) | Z10: =IF(AND($C10<>"",$A10=تقرير_الشهر,$B10=تقرير_السنة),SUMPRODUCT(($C$3:$C$502<>"")*($A$3:$A$502=تقرير_الشهر)*($B$3:$B$502=تقرير_السنة)*(ROW($C$3:$C$502)<=ROW())),"")
D11: =IFERROR(INDEX(الموظفون_الاسم,MATCH($C11,الموظفون_الرقم,0)),"") | E11: =IFERROR(INDEX(الموظفون_الإدارة,MATCH($C11,الموظفون_الرقم,0)),"") | F11: =IFERROR(INDEX(الموظفون_القسم,MATCH($C11,الموظفون_الرقم,0)),"") | G11: =IF($C11="","",IFERROR(INDEX(الموظفون_الاساسي,MATCH($C11,الموظفون_الرقم,0)),0)) | S11: =IF($C11="","",SUM($G11:$L11)) | T11: =IF($C11="","",SUM($N11:$R11)) | U11: =IF($C11="","",$S11-$T11) | Y11: =IF($C11="","",IF(SUMPRODUCT(($C$3:$C$502=$C11)*($A$3:$A$502=$A11)*($B$3:$B$502=$B11))>1,"⚠ مكرر","سليم")) | Z11: =IF(AND($C11<>"",$A11=تقرير_الشهر,$B11=تقرير_السنة),SUMPRODUCT(($C$3:$C$502<>"")*($A$3:$A$502=تقرير_الشهر)*($B$3:$B$502=تقرير_السنة)*(ROW($C$3:$C$502)<=ROW())),"")
D12: =IFERROR(INDEX(الموظفون_الاسم,MATCH($C12,الموظفون_الرقم,0)),"") | E12: =IFERROR(INDEX(الموظفون_الإدارة,MATCH($C12,الموظفون_الرقم,0)),"") | F12: =IFERROR(INDEX(الموظفون_القسم,MATCH($C12,الموظفون_الرقم,0)),"") | G12: =IF($C12="","",IFERROR(INDEX(الموظفون_الاساسي,MATCH($C12,الموظفون_الرقم,0)),0)) | S12: =IF($C12="","",SUM($G12:$L12)) | T12: =IF($C12="","",SUM($N12:$R12)) | U12: =IF($C12="","",$S12-$T12) | Y12: =IF($C12="","",IF(SUMPRODUCT(($C$3:$C$502=$C12)*($A$3:$A$502=$A12)*($B$3:$B$502=$B12))>1,"⚠ مكرر","سليم")) | Z12: =IF(AND($C12<>"",$A12=تقرير_الشهر,$B12=تقرير_السنة),SUMPRODUCT(($C$3:$C$502<>"")*($A$3:$A$502=تقرير_الشهر)*($B$3:$B$502=تقرير_السنة)*(ROW($C$3:$C$502)<=ROW())),"")
D13: =IFERROR(INDEX(الموظفون_الاسم,MATCH($C13,الموظفون_الرقم,0)),"") | E13: =IFERROR(INDEX(الموظفون_الإدارة,MATCH($C13,الموظفون_الرقم,0)),"") | F13: =IFERROR(INDEX(الموظفون_القسم,MATCH($C13,الموظفون_الرقم,0)),"") | G13: =IF($C13="","",IFERROR(INDEX(الموظفون_الاساسي,MATCH($C13,الموظفون_الرقم,0)),0)) | S13: =IF($C13="","",SUM($G13:$L13)) | T13: =IF($C13="","",SUM($N13:$R13)) | U13: =IF($C13="","",$S13-$T13) | Y13: =IF($C13="","",IF(SUMPRODUCT(($C$3:$C$502=$C13)*($A$3:$A$502=$A13)*($B$3:$B$502=$B13))>1,"⚠ مكرر","سليم")) | Z13: =IF(AND($C13<>"",$A13=تقرير_الشهر,$B13=تقرير_السنة),SUMPRODUCT(($C$3:$C$502<>"")*($A$3:$A$502=تقرير_الشهر)*($B$3:$B$502=تقرير_السنة)*(ROW($C$3:$C$502)<=ROW())),"")
D14: =IFERROR(INDEX(الموظفون_الاسم,MATCH($C14,الموظفون_الرقم,0)),"") | E14: =IFERROR(INDEX(الموظفون_الإدارة,MATCH($C14,الموظفون_الرقم,0)),"") | F14: =IFERROR(INDEX(الموظفون_القسم,MATCH($C14,الموظفون_الرقم,0)),"") | G14: =IF($C14="","",IFERROR(INDEX(الموظفون_الاساسي,MATCH($C14,الموظفون_الرقم,0)),0)) | S14: =IF($C14="","",SUM($G14:$L14)) | T14: =IF($C14="","",SUM($N14:$R14)) | U14: =IF($C14="","",$S14-$T14) | Y14: =IF($C14="","",IF(SUMPRODUCT(($C$3:$C$502=$C14)*($A$3:$A$502=$A14)*($B$3:$B$502=$B14))>1,"⚠ مكرر","سليم")) | Z14: =IF(AND($C14<>"",$A14=تقرير_الشهر,$B14=تقرير_السنة),SUMPRODUCT(($C$3:$C$502<>"")*($A$3:$A$502=تقرير_الشهر)*($B$3:$B$502=تقرير_السنة)*(ROW($C$3:$C$502)<=ROW())),"")
... D502: =IFERROR(INDEX(الموظفون_الاسم,MATCH($C502,الموظفون_الرقم,0)),"") | E502: =IFERROR(INDEX(الموظفون_الإدارة,MATCH($C502,الموظفون_الرقم,0)),"") | F502: =IFERROR(INDEX(الموظفون_القسم,MATCH($C502,الموظفون_الرقم,0)),"") | G502: =IF($C502="","",IFERROR(INDEX(الموظفون_الاساسي,MATCH($C502,الموظفون_الرقم,0)),0)) | S502: =IF($C502="","",SUM($G502:$L502)) | T502: =IF($C502="","",SUM($N502:$R502)) | U502: =IF($C502="","",$S502-$T502) | Y502: =IF($C502="","",IF(SUMPRODUCT(($C$3:$C$502=$C502)*($A$3:$A$502=$A502)*($B$3:$B$502=$B502))>1,"⚠ مكرر","سليم")) | Z502: =IF(AND($C502<>"",$A502=تقرير_الشهر,$B502=تقرير_السنة),SUMPRODUCT(($C$3:$C$502<>"")*($A$3:$A$502=تقرير_الشهر)*($B$3:$B$502=تقرير_السنة)*(ROW($C$3:$C$502)<=ROW())),"")

Sheet السلف
A1: السلف — نموذج إدخال
A2: رقم السلفة | B2: الرقم الوظيفي | C2: اسم الموظف | D2: تاريخ السلفة | E2: مبلغ السلفة | F2: عدد الأقساط | G2: قيمة القسط | H2: إجمالي المسدد | I2: المبلغ المتبقي | J2: تاريخ بداية السداد | K2: حالة السلفة | L2: الملاحظات
C3: =IFERROR(INDEX(الموظفون_الاسم,MATCH($B3,الموظفون_الرقم,0)),"") | G3: =IF(OR($E3="",$F3="",$F3=0),"",$E3/$F3) | H3: =IF($A3="","",SUMIFS(الرواتب_قسط_السلفة,الرواتب_السلفة,$A3,الرواتب_حالة_الصرف,"مصروف")) | I3: =IF($A3="","",MAX(0,$E3-$H3))
C4: =IFERROR(INDEX(الموظفون_الاسم,MATCH($B4,الموظفون_الرقم,0)),"") | G4: =IF(OR($E4="",$F4="",$F4=0),"",$E4/$F4) | H4: =IF($A4="","",SUMIFS(الرواتب_قسط_السلفة,الرواتب_السلفة,$A4,الرواتب_حالة_الصرف,"مصروف")) | I4: =IF($A4="","",MAX(0,$E4-$H4))
C5: =IFERROR(INDEX(الموظفون_الاسم,MATCH($B5,الموظفون_الرقم,0)),"") | G5: =IF(OR($E5="",$F5="",$F5=0),"",$E5/$F5) | H5: =IF($A5="","",SUMIFS(الرواتب_قسط_السلفة,الرواتب_السلفة,$A5,الرواتب_حالة_الصرف,"مصروف")) | I5: =IF($A5="","",MAX(0,$E5-$H5))
C6: =IFERROR(INDEX(الموظفون_الاسم,MATCH($B6,الموظفون_الرقم,0)),"") | G6: =IF(OR($E6="",$F6="",$F6=0),"",$E6/$F6) | H6: =IF($A6="","",SUMIFS(الرواتب_قسط_السلفة,الرواتب_السلفة,$A6,الرواتب_حالة_الصرف,"مصروف")) | I6: =IF($A6="","",MAX(0,$E6-$H6))
C7: =IFERROR(INDEX(الموظفون_الاسم,MATCH($B7,الموظفون_الرقم,0)),"") | G7: =IF(OR($E7="",$F7="",$F7=0),"",$E7/$F7) | H7: =IF($A7="","",SUMIFS(الرواتب_قسط_السلفة,الرواتب_السلفة,$A7,الرواتب_حالة_الصرف,"مصروف")) | I7: =IF($A7="","",MAX(0,$E7-$H7))
C8: =IFERROR(INDEX(الموظفون_الاسم,MATCH($B8,الموظفون_الرقم,0)),"") | G8: =IF(OR($E8="",$F8="",$F8=0),"",$E8/$F8) | H8: =IF($A8="","",SUMIFS(الرواتب_قسط_السلفة,الرواتب_السلفة,$A8,الرواتب_حالة_الصرف,"مصروف")) | I8: =IF($A8="","",MAX(0,$E8-$H8))
C9: =IFERROR(INDEX(الموظفون_الاسم,MATCH($B9,الموظفون_الرقم,0)),"") | G9: =IF(OR($E9="",$F9="",$F9=0),"",$E9/$F9) | H9: =IF($A9="","",SUMIFS(الرواتب_قسط_السلفة,الرواتب_السلفة,$A9,الرواتب_حالة_الصرف,"مصروف")) | I9: =IF($A9="","",MAX(0,$E9-$H9))
C10: =IFERROR(INDEX(الموظفون_الاسم,MATCH($B10,الموظفون_الرقم,0)),"") | G10: =IF(OR($E10="",$F10="",$F10=0),"",$E10/$F10) | H10: =IF($A10="","",SUMIFS(الرواتب_قسط_السلفة,الرواتب_السلفة,$A10,الرواتب_حالة_الصرف,"مصروف")) | I10: =IF($A10="","",MAX(0,$E10-$H10))
C11: =IFERROR(INDEX(الموظفون_الاسم,MATCH($B11,الموظفون_الرقم,0)),"") | G11: =IF(OR($E11="",$F11="",$F11=0),"",$E11/$F11) | H11: =IF($A11="","",SUMIFS(الرواتب_قسط_السلفة,الرواتب_السلفة,$A11,الرواتب_حالة_الصرف,"مصروف")) | I11: =IF($A11="","",MAX(0,$E11-$H11))
C12: =IFERROR(INDEX(الموظفون_الاسم,MATCH($B12,الموظفون_الرقم,0)),"") | G12: =IF(OR($E12="",$F12="",$F12=0),"",$E12/$F12) | H12: =IF($A12="","",SUMIFS(الرواتب_قسط_السلفة,الرواتب_السلفة,$A12,الرواتب_حالة_الصرف,"مصروف")) | I12: =IF($A12="","",MAX(0,$E12-$H12))
C13: =IFERROR(INDEX(الموظفون_الاسم,MATCH($B13,الموظفون_الرقم,0)),"") | G13: =IF(OR($E13="",$F13="",$F13=0),"",$E13/$F13) | H13: =IF($A13="","",SUMIFS(الرواتب_قسط_السلفة,الرواتب_السلفة,$A13,الرواتب_حالة_الصرف,"مصروف")) | I13: =IF($A13="","",MAX(0,$E13-$H13))
C14: =IFERROR(INDEX(الموظفون_الاسم,MATCH($B14,الموظفون_الرقم,0)),"") | G14: =IF(OR($E14="",$F14="",$F14=0),"",$E14/$F14) | H14: =IF($A14="","",SUMIFS(الرواتب_قسط_السلفة,الرواتب_السلفة,$A14,الرواتب_حالة_الصرف,"مصروف")) | I14: =IF($A14="","",MAX(0,$E14-$H14))
... C502: =IFERROR(INDEX(الموظفون_الاسم,MATCH($B502,الموظفون_الرقم,0)),"") | G502: =IF(OR($E502="",$F502="",$F502=0),"",$E502/$F502) | H502: =IF($A502="","",SUMIFS(الرواتب_قسط_السلفة,الرواتب_السلفة,$A502,الرواتب_حالة_الصرف,"مصروف")) | I502: =IF($A502="","",MAX(0,$E502-$H502))

Sheet الوثائق
A1: الوثائق — نموذج إدخال
A2: الرقم الوظيفي | B2: اسم الموظف | C2: نوع الوثيقة | D2: رقم الوثيقة | E2: تاريخ الإصدار | F2: تاريخ الانتهاء | G2: الجهة المصدرة | H2: حالة الوثيقة | I2: أيام للانتهاء | J2: الملاحظات
B3: =IFERROR(INDEX(الموظفون_الاسم,MATCH($A3,الموظفون_الرقم,0)),"") | I3: =IF(OR($A3="",$F3=""),"",$F3-TODAY()) | K3: =IF(AND(ISNUMBER($I3),$I3<=تنبيه_وثيقة_90),SUMPRODUCT(ISNUMBER($I$3:$I$502)*($I$3:$I$502<=تنبيه_وثيقة_90)*(ROW($I$3:$I$502)<=ROW())),"")
B4: =IFERROR(INDEX(الموظفون_الاسم,MATCH($A4,الموظفون_الرقم,0)),"") | I4: =IF(OR($A4="",$F4=""),"",$F4-TODAY()) | K4: =IF(AND(ISNUMBER($I4),$I4<=تنبيه_وثيقة_90),SUMPRODUCT(ISNUMBER($I$3:$I$502)*($I$3:$I$502<=تنبيه_وثيقة_90)*(ROW($I$3:$I$502)<=ROW())),"")
B5: =IFERROR(INDEX(الموظفون_الاسم,MATCH($A5,الموظفون_الرقم,0)),"") | I5: =IF(OR($A5="",$F5=""),"",$F5-TODAY()) | K5: =IF(AND(ISNUMBER($I5),$I5<=تنبيه_وثيقة_90),SUMPRODUCT(ISNUMBER($I$3:$I$502)*($I$3:$I$502<=تنبيه_وثيقة_90)*(ROW($I$3:$I$502)<=ROW())),"")
B6: =IFERROR(INDEX(الموظفون_الاسم,MATCH($A6,الموظفون_الرقم,0)),"") | I6: =IF(OR($A6="",$F6=""),"",$F6-TODAY()) | K6: =IF(AND(ISNUMBER($I6),$I6<=تنبيه_وثيقة_90),SUMPRODUCT(ISNUMBER($I$3:$I$502)*($I$3:$I$502<=تنبيه_وثيقة_90)*(ROW($I$3:$I$502)<=ROW())),"")
B7: =IFERROR(INDEX(الموظفون_الاسم,MATCH($A7,الموظفون_الرقم,0)),"") | I7: =IF(OR($A7="",$F7=""),"",$F7-TODAY()) | K7: =IF(AND(ISNUMBER($I7),$I7<=تنبيه_وثيقة_90),SUMPRODUCT(ISNUMBER($I$3:$I$502)*($I$3:$I$502<=تنبيه_وثيقة_90)*(ROW($I$3:$I$502)<=ROW())),"")
B8: =IFERROR(INDEX(الموظفون_الاسم,MATCH($A8,الموظفون_الرقم,0)),"") | I8: =IF(OR($A8="",$F8=""),"",$F8-TODAY()) | K8: =IF(AND(ISNUMBER($I8),$I8<=تنبيه_وثيقة_90),SUMPRODUCT(ISNUMBER($I$3:$I$502)*($I$3:$I$502<=تنبيه_وثيقة_90)*(ROW($I$3:$I$502)<=ROW())),"")
B9: =IFERROR(INDEX(الموظفون_الاسم,MATCH($A9,الموظفون_الرقم,0)),"") | I9: =IF(OR($A9="",$F9=""),"",$F9-TODAY()) | K9: =IF(AND(ISNUMBER($I9),$I9<=تنبيه_وثيقة_90),SUMPRODUCT(ISNUMBER($I$3:$I$502)*($I$3:$I$502<=تنبيه_وثيقة_90)*(ROW($I$3:$I$502)<=ROW())),"")
B10: =IFERROR(INDEX(الموظفون_الاسم,MATCH($A10,الموظفون_الرقم,0)),"") | I10: =IF(OR($A10="",$F10=""),"",$F10-TODAY()) | K10: =IF(AND(ISNUMBER($I10),$I10<=تنبيه_وثيقة_90),SUMPRODUCT(ISNUMBER($I$3:$I$502)*($I$3:$I$502<=تنبيه_وثيقة_90)*(ROW($I$3:$I$502)<=ROW())),"")
B11: =IFERROR(INDEX(الموظفون_الاسم,MATCH($A11,الموظفون_الرقم,0)),"") | I11: =IF(OR($A11="",$F11=""),"",$F11-TODAY()) | K11: =IF(AND(ISNUMBER($I11),$I11<=تنبيه_وثيقة_90),SUMPRODUCT(ISNUMBER($I$3:$I$502)*($I$3:$I$502<=تنبيه_وثيقة_90)*(ROW($I$3:$I$502)<=ROW())),"")
B12: =IFERROR(INDEX(الموظفون_الاسم,MATCH($A12,الموظفون_الرقم,0)),"") | I12: =IF(OR($A12="",$F12=""),"",$F12-TODAY()) | K12: =IF(AND(ISNUMBER($I12),$I12<=تنبيه_وثيقة_90),SUMPRODUCT(ISNUMBER($I$3:$I$502)*($I$3:$I$502<=تنبيه_وثيقة_90)*(ROW($I$3:$I$502)<=ROW())),"")
B13: =IFERROR(INDEX(الموظفون_الاسم,MATCH($A13,الموظفون_الرقم,0)),"") | I13: =IF(OR($A13="",$F13=""),"",$F13-TODAY()) | K13: =IF(AND(ISNUMBER($I13),$I13<=تنبيه_وثيقة_90),SUMPRODUCT(ISNUMBER($I$3:$I$502)*($I$3:$I$502<=تنبيه_وثيقة_90)*(ROW($I$3:$I$502)<=ROW())),"")
B14: =IFERROR(INDEX(الموظفون_الاسم,MATCH($A14,الموظفون_الرقم,0)),"") | I14: =IF(OR($A14="",$F14=""),"",$F14-TODAY()) | K14: =IF(AND(ISNUMBER($I14),$I14<=تنبيه_وثيقة_90),SUMPRODUCT(ISNUMBER($I$3:$I$502)*($I$3:$I$502<=تنبيه_وثيقة_90)*(ROW($I$3:$I$502)<=ROW())),"")
... B502: =IFERROR(INDEX(الموظفون_الاسم,MATCH($A502,الموظفون_الرقم,0)),"") | I502: =IF(OR($A502="",$F502=""),"",$F502-TODAY()) | K502: =IF(AND(ISNUMBER($I502),$I502<=تنبيه_وثيقة_90),SUMPRODUCT(ISNUMBER($I$3:$I$502)*($I$3:$I$502<=تنبيه_وثيقة_90)*(ROW($I$3:$I$502)<=ROW())),"")

Sheet التوظيف
A1: التوظيف — نموذج إدخال
A2: رقم الطلب | B2: اسم المتقدم | C2: الوظيفة المطلوبة | D2: الإدارة المطلوبة | E2: المؤهل | F2: سنوات الخبرة | G2: تاريخ التقديم | H2: حالة الطلب | I2: موعد المقابلة | J2: نتيجة المقابلة | K2: القرار النهائي | L2: تاريخ المباشرة المتوقع | M2: الملاحظات

Sheet التدريب
A1: التدريب — نموذج إدخال
A2: الرقم الوظيفي | B2: اسم الموظف | C2: اسم الدورة | D2: الجهة التدريبية | E2: تاريخ البداية | F2: تاريخ النهاية | G2: التكلفة | H2: حالة الحضور | I2: نتيجة التدريب | J2: الملاحظات
B3: =IFERROR(INDEX(الموظفون_الاسم,MATCH($A3,الموظفون_الرقم,0)),"")
B4: =IFERROR(INDEX(الموظفون_الاسم,MATCH($A4,الموظفون_الرقم,0)),"")
B5: =IFERROR(INDEX(الموظفون_الاسم,MATCH($A5,الموظفون_الرقم,0)),"")
B6: =IFERROR(INDEX(الموظفون_الاسم,MATCH($A6,الموظفون_الرقم,0)),"")
B7: =IFERROR(INDEX(الموظفون_الاسم,MATCH($A7,الموظفون_الرقم,0)),"")
B8: =IFERROR(INDEX(الموظفون_الاسم,MATCH($A8,الموظفون_الرقم,0)),"")
B9: =IFERROR(INDEX(الموظفون_الاسم,MATCH($A9,الموظفون_الرقم,0)),"")
B10: =IFERROR(INDEX(الموظفون_الاسم,MATCH($A10,الموظفون_الرقم,0)),"")
B11: =IFERROR(INDEX(الموظفون_الاسم,MATCH($A11,الموظفون_الرقم,0)),"")
B12: =IFERROR(INDEX(الموظفون_الاسم,MATCH($A12,الموظفون_الرقم,0)),"")
B13: =IFERROR(INDEX(الموظفون_الاسم,MATCH($A13,الموظفون_الرقم,0)),"")
B14: =IFERROR(INDEX(الموظفون_الاسم,MATCH($A14,الموظفون_الرقم,0)),"")
... B502: =IFERROR(INDEX(الموظفون_الاسم,MATCH($A502,الموظفون_الرقم,0)),"")

Sheet تقييم الأداء
A1: تقييم الأداء — نموذج إدخال
A2: الرقم الوظيفي | B2: اسم الموظف | C2: فترة التقييم | D2: جودة العمل (100) | E2: الالتزام بالدوام (100) | F2: الإنتاجية (100) | G2: التعاون (100) | H2: تحقيق الأهداف (100) | I2: التقييم النهائي (100) | J2: التقدير | K2: ملاحظات المسؤول
B3: =IFERROR(INDEX(الموظفون_الاسم,MATCH($A3,الموظفون_الرقم,0)),"") | I3: =IF($A3="","",IF(COUNT($D3:$H3)=0,"",ROUND($D3*وزن_جودة_العمل+$E3*وزن_الالتزام+$F3*وزن_الإنتاجية+$G3*وزن_التعاون+$H3*وزن_الأهداف,1))) | J3: =IF($I3="","",IF($I3>=90,"ممتاز",IF($I3>=80,"جيد جدًا",IF($I3>=70,"جيد",IF($I3>=60,"مقبول","يحتاج تحسين")))))
B4: =IFERROR(INDEX(الموظفون_الاسم,MATCH($A4,الموظفون_الرقم,0)),"") | I4: =IF($A4="","",IF(COUNT($D4:$H4)=0,"",ROUND($D4*وزن_جودة_العمل+$E4*وزن_الالتزام+$F4*وزن_الإنتاجية+$G4*وزن_التعاون+$H4*وزن_الأهداف,1))) | J4: =IF($I4="","",IF($I4>=90,"ممتاز",IF($I4>=80,"جيد جدًا",IF($I4>=70,"جيد",IF($I4>=60,"مقبول","يحتاج تحسين")))))
B5: =IFERROR(INDEX(الموظفون_الاسم,MATCH($A5,الموظفون_الرقم,0)),"") | I5: =IF($A5="","",IF(COUNT($D5:$H5)=0,"",ROUND($D5*وزن_جودة_العمل+$E5*وزن_الالتزام+$F5*وزن_الإنتاجية+$G5*وزن_التعاون+$H5*وزن_الأهداف,1))) | J5: =IF($I5="","",IF($I5>=90,"ممتاز",IF($I5>=80,"جيد جدًا",IF($I5>=70,"جيد",IF($I5>=60,"مقبول","يحتاج تحسين")))))
B6: =IFERROR(INDEX(الموظفون_الاسم,MATCH($A6,الموظفون_الرقم,0)),"") | I6: =IF($A6="","",IF(COUNT($D6:$H6)=0,"",ROUND($D6*وزن_جودة_العمل+$E6*وزن_الالتزام+$F6*وزن_الإنتاجية+$G6*وزن_التعاون+$H6*وزن_الأهداف,1))) | J6: =IF($I6="","",IF($I6>=90,"ممتاز",IF($I6>=80,"جيد جدًا",IF($I6>=70,"جيد",IF($I6>=60,"مقبول","يحتاج تحسين")))))
B7: =IFERROR(INDEX(الموظفون_الاسم,MATCH($A7,الموظفون_الرقم,0)),"") | I7: =IF($A7="","",IF(COUNT($D7:$H7)=0,"",ROUND($D7*وزن_جودة_العمل+$E7*وزن_الالتزام+$F7*وزن_الإنتاجية+$G7*وزن_التعاون+$H7*وزن_الأهداف,1))) | J7: =IF($I7="","",IF($I7>=90,"ممتاز",IF($I7>=80,"جيد جدًا",IF($I7>=70,"جيد",IF($I7>=60,"مقبول","يحتاج تحسين")))))
B8: =IFERROR(INDEX(الموظفون_الاسم,MATCH($A8,الموظفون_الرقم,0)),"") | I8: =IF($A8="","",IF(COUNT($D8:$H8)=0,"",ROUND($D8*وزن_جودة_العمل+$E8*وزن_الالتزام+$F8*وزن_الإنتاجية+$G8*وزن_التعاون+$H8*وزن_الأهداف,1))) | J8: =IF($I8="","",IF($I8>=90,"ممتاز",IF($I8>=80,"جيد جدًا",IF($I8>=70,"جيد",IF($I8>=60,"مقبول","يحتاج تحسين")))))
B9: =IFERROR(INDEX(الموظفون_الاسم,MATCH($A9,الموظفون_الرقم,0)),"") | I9: =IF($A9="","",IF(COUNT($D9:$H9)=0,"",ROUND($D9*وزن_جودة_العمل+$E9*وزن_الالتزام+$F9*وزن_الإنتاجية+$G9*وزن_التعاون+$H9*وزن_الأهداف,1))) | J9: =IF($I9="","",IF($I9>=90,"ممتاز",IF($I9>=80,"جيد جدًا",IF($I9>=70,"جيد",IF($I9>=60,"مقبول","يحتاج تحسين")))))
B10: =IFERROR(INDEX(الموظفون_الاسم,MATCH($A10,الموظفون_الرقم,0)),"") | I10: =IF($A10="","",IF(COUNT($D10:$H10)=0,"",ROUND($D10*وزن_جودة_العمل+$E10*وزن_الالتزام+$F10*وزن_الإنتاجية+$G10*وزن_التعاون+$H10*وزن_الأهداف,1))) | J10: =IF($I10="","",IF($I10>=90,"ممتاز",IF($I10>=80,"جيد جدًا",IF($I10>=70,"جيد",IF($I10>=60,"مقبول","يحتاج تحسين")))))
B11: =IFERROR(INDEX(الموظفون_الاسم,MATCH($A11,الموظفون_الرقم,0)),"") | I11: =IF($A11="","",IF(COUNT($D11:$H11)=0,"",ROUND($D11*وزن_جودة_العمل+$E11*وزن_الالتزام+$F11*وزن_الإنتاجية+$G11*وزن_التعاون+$H11*وزن_الأهداف,1))) | J11: =IF($I11="","",IF($I11>=90,"ممتاز",IF($I11>=80,"جيد جدًا",IF($I11>=70,"جيد",IF($I11>=60,"مقبول","يحتاج تحسين")))))
B12: =IFERROR(INDEX(الموظفون_الاسم,MATCH($A12,الموظفون_الرقم,0)),"") | I12: =IF($A12="","",IF(COUNT($D12:$H12)=0,"",ROUND($D12*وزن_جودة_العمل+$E12*وزن_الالتزام+$F12*وزن_الإنتاجية+$G12*وزن_التعاون+$H12*وزن_الأهداف,1))) | J12: =IF($I12="","",IF($I12>=90,"ممتاز",IF($I12>=80,"جيد جدًا",IF($I12>=70,"جيد",IF($I12>=60,"مقبول","يحتاج تحسين")))))
B13: =IFERROR(INDEX(الموظفون_الاسم,MATCH($A13,الموظفون_الرقم,0)),"") | I13: =IF($A13="","",IF(COUNT($D13:$H13)=0,"",ROUND($D13*وزن_جودة_العمل+$E13*وزن_الالتزام+$F13*وزن_الإنتاجية+$G13*وزن_التعاون+$H13*وزن_الأهداف,1))) | J13: =IF($I13="","",IF($I13>=90,"ممتاز",IF($I13>=80,"جيد جدًا",IF($I13>=70,"جيد",IF($I13>=60,"مقبول","يحتاج تحسين")))))
B14: =IFERROR(INDEX(الموظفون_الاسم,MATCH($A14,الموظفون_الرقم,0)),"") | I14: =IF($A14="","",IF(COUNT($D14:$H14)=0,"",ROUND($D14*وزن_جودة_العمل+$E14*وزن_الالتزام+$F14*وزن_الإنتاجية+$G14*وزن_التعاون+$H14*وزن_الأهداف,1))) | J14: =IF($I14="","",IF($I14>=90,"ممتاز",IF($I14>=80,"جيد جدًا",IF($I14>=70,"جيد",IF($I14>=60,"مقبول","يحتاج تحسين")))))
... B502: =IFERROR(INDEX(الموظفون_الاسم,MATCH($A502,الموظفون_الرقم,0)),"") | I502: =IF($A502="","",IF(COUNT($D502:$H502)=0,"",ROUND($D502*وزن_جودة_العمل+$E502*وزن_الالتزام+$F502*وزن_الإنتاجية+$G502*وزن_التعاون+$H502*وزن_الأهداف,1))) | J502: =IF($I502="","",IF($I502>=90,"ممتاز",IF($I502>=80,"جيد جدًا",IF($I502>=70,"جيد",IF($I502>=60,"مقبول","يحتاج تحسين")))))

Sheet الجزاءات والمكافآت
A1: الجزاءات والمكافآت — نموذج إدخال
A2: الرقم الوظيفي | B2: اسم الموظف | C2: نوع القرار | D2: تصنيف القرار | E2: تاريخ القرار | F2: سبب القرار | G2: الجهة المعتمدة | H2: الأثر المالي | I2: تاريخ التنفيذ | J2: حالة التنفيذ | K2: الملاحظات
B3: =IFERROR(INDEX(الموظفون_الاسم,MATCH($A3,الموظفون_الرقم,0)),"")
B4: =IFERROR(INDEX(الموظفون_الاسم,MATCH($A4,الموظفون_الرقم,0)),"")
B5: =IFERROR(INDEX(الموظفون_الاسم,MATCH($A5,الموظفون_الرقم,0)),"")
B6: =IFERROR(INDEX(الموظفون_الاسم,MATCH($A6,الموظفون_الرقم,0)),"")
B7: =IFERROR(INDEX(الموظفون_الاسم,MATCH($A7,الموظفون_الرقم,0)),"")
B8: =IFERROR(INDEX(الموظفون_الاسم,MATCH($A8,الموظفون_الرقم,0)),"")
B9: =IFERROR(INDEX(الموظفون_الاسم,MATCH($A9,الموظفون_الرقم,0)),"")
B10: =IFERROR(INDEX(الموظفون_الاسم,MATCH($A10,الموظفون_الرقم,0)),"")
B11: =IFERROR(INDEX(الموظفون_الاسم,MATCH($A11,الموظفون_الرقم,0)),"")
B12: =IFERROR(INDEX(الموظفون_الاسم,MATCH($A12,الموظفون_الرقم,0)),"")
B13: =IFERROR(INDEX(الموظفون_الاسم,MATCH($A13,الموظفون_الرقم,0)),"")
B14: =IFERROR(INDEX(الموظفون_الاسم,MATCH($A14,الموظفون_الرقم,0)),"")
... B502: =IFERROR(INDEX(الموظفون_الاسم,MATCH($A502,الموظفون_الرقم,0)),"")

Sheet إنهاء الخدمة
A1: إنهاء الخدمة — نموذج إدخال
A2: الرقم الوظيفي | B2: اسم الموظف | C2: تاريخ تقديم الطلب | D2: نوع إنهاء الخدمة | E2: آخر يوم عمل | F2: سبب الإنهاء | G2: حالة إخلاء الطرف | H2: العهد الواجب تسليمها | I2: المستحقات النهائية | J2: حالة التسوية المالية | K2: حالة إغلاق الملف | L2: الملاحظات
B3: =IFERROR(INDEX(الموظفون_الاسم,MATCH($A3,الموظفون_الرقم,0)),"") | H3: =IF($A3="","",IF(COUNTIFS(العهد_الرقم,$A3,العهد_الحالة,"<>مسترجعة")>0,"⚠ يوجد عهد غير مسترجعة","لا عهد معلقة"))
B4: =IFERROR(INDEX(الموظفون_الاسم,MATCH($A4,الموظفون_الرقم,0)),"") | H4: =IF($A4="","",IF(COUNTIFS(العهد_الرقم,$A4,العهد_الحالة,"<>مسترجعة")>0,"⚠ يوجد عهد غير مسترجعة","لا عهد معلقة"))
B5: =IFERROR(INDEX(الموظفون_الاسم,MATCH($A5,الموظفون_الرقم,0)),"") | H5: =IF($A5="","",IF(COUNTIFS(العهد_الرقم,$A5,العهد_الحالة,"<>مسترجعة")>0,"⚠ يوجد عهد غير مسترجعة","لا عهد معلقة"))
B6: =IFERROR(INDEX(الموظفون_الاسم,MATCH($A6,الموظفون_الرقم,0)),"") | H6: =IF($A6="","",IF(COUNTIFS(العهد_الرقم,$A6,العهد_الحالة,"<>مسترجعة")>0,"⚠ يوجد عهد غير مسترجعة","لا عهد معلقة"))
B7: =IFERROR(INDEX(الموظفون_الاسم,MATCH($A7,الموظفون_الرقم,0)),"") | H7: =IF($A7="","",IF(COUNTIFS(العهد_الرقم,$A7,العهد_الحالة,"<>مسترجعة")>0,"⚠ يوجد عهد غير مسترجعة","لا عهد معلقة"))
B8: =IFERROR(INDEX(الموظفون_الاسم,MATCH($A8,الموظفون_الرقم,0)),"") | H8: =IF($A8="","",IF(COUNTIFS(العهد_الرقم,$A8,العهد_الحالة,"<>مسترجعة")>0,"⚠ يوجد عهد غير مسترجعة","لا عهد معلقة"))
B9: =IFERROR(INDEX(الموظفون_الاسم,MATCH($A9,الموظفون_الرقم,0)),"") | H9: =IF($A9="","",IF(COUNTIFS(العهد_الرقم,$A9,العهد_الحالة,"<>مسترجعة")>0,"⚠ يوجد عهد غير مسترجعة","لا عهد معلقة"))
B10: =IFERROR(INDEX(الموظفون_الاسم,MATCH($A10,الموظفون_الرقم,0)),"") | H10: =IF($A10="","",IF(COUNTIFS(العهد_الرقم,$A10,العهد_الحالة,"<>مسترجعة")>0,"⚠ يوجد عهد غير مسترجعة","لا عهد معلقة"))
B11: =IFERROR(INDEX(الموظفون_الاسم,MATCH($A11,الموظفون_الرقم,0)),"") | H11: =IF($A11="","",IF(COUNTIFS(العهد_الرقم,$A11,العهد_الحالة,"<>مسترجعة")>0,"⚠ يوجد عهد غير مسترجعة","لا عهد معلقة"))
B12: =IFERROR(INDEX(الموظفون_الاسم,MATCH($A12,الموظفون_الرقم,0)),"") | H12: =IF($A12="","",IF(COUNTIFS(العهد_الرقم,$A12,العهد_الحالة,"<>مسترجعة")>0,"⚠ يوجد عهد غير مسترجعة","لا عهد معلقة"))
B13: =IFERROR(INDEX(الموظفون_الاسم,MATCH($A13,الموظفون_الرقم,0)),"") | H13: =IF($A13="","",IF(COUNTIFS(العهد_الرقم,$A13,العهد_الحالة,"<>مسترجعة")>0,"⚠ يوجد عهد غير مسترجعة","لا عهد معلقة"))
B14: =IFERROR(INDEX(الموظفون_الاسم,MATCH($A14,الموظفون_الرقم,0)),"") | H14: =IF($A14="","",IF(COUNTIFS(العهد_الرقم,$A14,العهد_الحالة,"<>مسترجعة")>0,"⚠ يوجد عهد غير مسترجعة","لا عهد معلقة"))
... B502: =IFERROR(INDEX(الموظفون_الاسم,MATCH($A502,الموظفون_الرقم,0)),"") | H502: =IF($A502="","",IF(COUNTIFS(العهد_الرقم,$A502,العهد_الحالة,"<>مسترجعة")>0,"⚠ يوجد عهد غير مسترجعة","لا عهد معلقة"))

Sheet العهد
A1: العهد — نموذج إدخال
A2: رقم العهدة | B2: وصف الأصل | C2: الرقم التسلسلي | D2: الرقم الوظيفي | E2: اسم الموظف | F2: تاريخ التسليم | G2: الحالة عند التسليم | H2: تاريخ الإرجاع | I2: الحالة عند الإرجاع | J2: حالة العهدة | K2: الملاحظات
E3: =IFERROR(INDEX(الموظفون_الاسم,MATCH($D3,الموظفون_الرقم,0)),"")
E4: =IFERROR(INDEX(الموظفون_الاسم,MATCH($D4,الموظفون_الرقم,0)),"")
E5: =IFERROR(INDEX(الموظفون_الاسم,MATCH($D5,الموظفون_الرقم,0)),"")
E6: =IFERROR(INDEX(الموظفون_الاسم,MATCH($D6,الموظفون_الرقم,0)),"")
E7: =IFERROR(INDEX(الموظفون_الاسم,MATCH($D7,الموظفون_الرقم,0)),"")
E8: =IFERROR(INDEX(الموظفون_الاسم,MATCH($D8,الموظفون_الرقم,0)),"")
E9: =IFERROR(INDEX(الموظفون_الاسم,MATCH($D9,الموظفون_الرقم,0)),"")
E10: =IFERROR(INDEX(الموظفون_الاسم,MATCH($D10,الموظفون_الرقم,0)),"")
E11: =IFERROR(INDEX(الموظفون_الاسم,MATCH($D11,الموظفون_الرقم,0)),"")
E12: =IFERROR(INDEX(الموظفون_الاسم,MATCH($D12,الموظفون_الرقم,0)),"")
E13: =IFERROR(INDEX(الموظفون_الاسم,MATCH($D13,الموظفون_الرقم,0)),"")
E14: =IFERROR(INDEX(الموظفون_الاسم,MATCH($D14,الموظفون_الرقم,0)),"")
... E502: =IFERROR(INDEX(الموظفون_الاسم,MATCH($D502,الموظفون_الرقم,0)),"")

Sheet تقرير الموظفين
A1: =اسم_المؤسسة
A2: كشف بيانات الموظفين
A3: ="تاريخ إعداد التقرير: "&TEXT(TODAY(),"yyyy-mm-dd") | G3: ="السنة المالية: "&السنة_المالية
A6: الرقم الوظيفي | B6: الاسم الكامل | C6: المسمى الوظيفي | D6: الإدارة | E6: القسم | F6: نوع التوظيف | G6: تاريخ التعيين | H6: نهاية العقد | I6: الحالة الوظيفية | J6: الراتب الأساسي | K6: البدلات الثابتة | L6: إجمالي الراتب الأساسي والبدلات
A7: =IFERROR(INDEX('الموظفون'!$A$3:$A$502,1),"") | B7: =IFERROR(INDEX('الموظفون'!$B$3:$B$502,1),"") | C7: =IFERROR(INDEX('الموظفون'!$J$3:$J$502,1),"") | D7: =IFERROR(INDEX('الموظفون'!$K$3:$K$502,1),"") | E7: =IFERROR(INDEX('الموظفون'!$L$3:$L$502,1),"") | F7: =IFERROR(INDEX('الموظفون'!$N$3:$N$502,1),"") | G7: =IFERROR(INDEX('الموظفون'!$O$3:$O$502,1),"") | H7: =IFERROR(INDEX('الموظفون'!$Q$3:$Q$502,1),"") | I7: =IFERROR(INDEX('الموظفون'!$R$3:$R$502,1),"") | J7: =IFERROR(INDEX('الموظفون'!$S$3:$S$502,1),"") | K7: =IFERROR(INDEX('الموظفون'!$T$3:$T$502,1),"") | L7: =IFERROR(IF(INDEX(الموظفون_الرقم,1)="","",INDEX(الموظفون_الاساسي,1)+INDEX(الموظفون_البدلات,1)),"")
A8: =IFERROR(INDEX('الموظفون'!$A$3:$A$502,2),"") | B8: =IFERROR(INDEX('الموظفون'!$B$3:$B$502,2),"") | C8: =IFERROR(INDEX('الموظفون'!$J$3:$J$502,2),"") | D8: =IFERROR(INDEX('الموظفون'!$K$3:$K$502,2),"") | E8: =IFERROR(INDEX('الموظفون'!$L$3:$L$502,2),"") | F8: =IFERROR(INDEX('الموظفون'!$N$3:$N$502,2),"") | G8: =IFERROR(INDEX('الموظفون'!$O$3:$O$502,2),"") | H8: =IFERROR(INDEX('الموظفون'!$Q$3:$Q$502,2),"") | I8: =IFERROR(INDEX('الموظفون'!$R$3:$R$502,2),"") | J8: =IFERROR(INDEX('الموظفون'!$S$3:$S$502,2),"") | K8: =IFERROR(INDEX('الموظفون'!$T$3:$T$502,2),"") | L8: =IFERROR(IF(INDEX(الموظفون_الرقم,2)="","",INDEX(الموظفون_الاساسي,2)+INDEX(الموظفون_البدلات,2)),"")
A9: =IFERROR(INDEX('الموظفون'!$A$3:$A$502,3),"") | B9: =IFERROR(INDEX('الموظفون'!$B$3:$B$502,3),"") | C9: =IFERROR(INDEX('الموظفون'!$J$3:$J$502,3),"") | D9: =IFERROR(INDEX('الموظفون'!$K$3:$K$502,3),"") | E9: =IFERROR(INDEX('الموظفون'!$L$3:$L$502,3),"") | F9: =IFERROR(INDEX('الموظفون'!$N$3:$N$502,3),"") | G9: =IFERROR(INDEX('الموظفون'!$O$3:$O$502,3),"") | H9: =IFERROR(INDEX('الموظفون'!$Q$3:$Q$502,3),"") | I9: =IFERROR(INDEX('الموظفون'!$R$3:$R$502,3),"") | J9: =IFERROR(INDEX('الموظفون'!$S$3:$S$502,3),"") | K9: =IFERROR(INDEX('الموظفون'!$T$3:$T$502,3),"") | L9: =IFERROR(IF(INDEX(الموظفون_الرقم,3)="","",INDEX(الموظفون_الاساسي,3)+INDEX(الموظفون_البدلات,3)),"")
A10: =IFERROR(INDEX('الموظفون'!$A$3:$A$502,4),"") | B10: =IFERROR(INDEX('الموظفون'!$B$3:$B$502,4),"") | C10: =IFERROR(INDEX('الموظفون'!$J$3:$J$502,4),"") | D10: =IFERROR(INDEX('الموظفون'!$K$3:$K$502,4),"") | E10: =IFERROR(INDEX('الموظفون'!$L$3:$L$502,4),"") | F10: =IFERROR(INDEX('الموظفون'!$N$3:$N$502,4),"") | G10: =IFERROR(INDEX('الموظفون'!$O$3:$O$502,4),"") | H10: =IFERROR(INDEX('الموظفون'!$Q$3:$Q$502,4),"") | I10: =IFERROR(INDEX('الموظفون'!$R$3:$R$502,4),"") | J10: =IFERROR(INDEX('الموظفون'!$S$3:$S$502,4),"") | K10: =IFERROR(INDEX('الموظفون'!$T$3:$T$502,4),"") | L10: =IFERROR(IF(INDEX(الموظفون_الرقم,4)="","",INDEX(الموظفون_الاساسي,4)+INDEX(الموظفون_البدلات,4)),"")
A11: =IFERROR(INDEX('الموظفون'!$A$3:$A$502,5),"") | B11: =IFERROR(INDEX('الموظفون'!$B$3:$B$502,5),"") | C11: =IFERROR(INDEX('الموظفون'!$J$3:$J$502,5),"") | D11: =IFERROR(INDEX('الموظفون'!$K$3:$K$502,5),"") | E11: =IFERROR(INDEX('الموظفون'!$L$3:$L$502,5),"") | F11: =IFERROR(INDEX('الموظفون'!$N$3:$N$502,5),"") | G11: =IFERROR(INDEX('الموظفون'!$O$3:$O$502,5),"") | H11: =IFERROR(INDEX('الموظفون'!$Q$3:$Q$502,5),"") | I11: =IFERROR(INDEX('الموظفون'!$R$3:$R$502,5),"") | J11: =IFERROR(INDEX('الموظفون'!$S$3:$S$502,5),"") | K11: =IFERROR(INDEX('الموظفون'!$T$3:$T$502,5),"") | L11: =IFERROR(IF(INDEX(الموظفون_الرقم,5)="","",INDEX(الموظفون_الاساسي,5)+INDEX(الموظفون_البدلات,5)),"")
A12: =IFERROR(INDEX('الموظفون'!$A$3:$A$502,6),"") | B12: =IFERROR(INDEX('الموظفون'!$B$3:$B$502,6),"") | C12: =IFERROR(INDEX('الموظفون'!$J$3:$J$502,6),"") | D12: =IFERROR(INDEX('الموظفون'!$K$3:$K$502,6),"") | E12: =IFERROR(INDEX('الموظفون'!$L$3:$L$502,6),"") | F12: =IFERROR(INDEX('الموظفون'!$N$3:$N$502,6),"") | G12: =IFERROR(INDEX('الموظفون'!$O$3:$O$502,6),"") | H12: =IFERROR(INDEX('الموظفون'!$Q$3:$Q$502,6),"") | I12: =IFERROR(INDEX('الموظفون'!$R$3:$R$502,6),"") | J12: =IFERROR(INDEX('الموظفون'!$S$3:$S$502,6),"") | K12: =IFERROR(INDEX('الموظفون'!$T$3:$T$502,6),"") | L12: =IFERROR(IF(INDEX(الموظفون_الرقم,6)="","",INDEX(الموظفون_الاساسي,6)+INDEX(الموظفون_البدلات,6)),"")
A13: =IFERROR(INDEX('الموظفون'!$A$3:$A$502,7),"") | B13: =IFERROR(INDEX('الموظفون'!$B$3:$B$502,7),"") | C13: =IFERROR(INDEX('الموظفون'!$J$3:$J$502,7),"") | D13: =IFERROR(INDEX('الموظفون'!$K$3:$K$502,7),"") | E13: =IFERROR(INDEX('الموظفون'!$L$3:$L$502,7),"") | F13: =IFERROR(INDEX('الموظفون'!$N$3:$N$502,7),"") | G13: =IFERROR(INDEX('الموظفون'!$O$3:$O$502,7),"") | H13: =IFERROR(INDEX('الموظفون'!$Q$3:$Q$502,7),"") | I13: =IFERROR(INDEX('الموظفون'!$R$3:$R$502,7),"") | J13: =IFERROR(INDEX('الموظفون'!$S$3:$S$502,7),"") | K13: =IFERROR(INDEX('الموظفون'!$T$3:$T$502,7),"") | L13: =IFERROR(IF(INDEX(الموظفون_الرقم,7)="","",INDEX(الموظفون_الاساسي,7)+INDEX(الموظفون_البدلات,7)),"")
A14: =IFERROR(INDEX('الموظفون'!$A$3:$A$502,8),"") | B14: =IFERROR(INDEX('الموظفون'!$B$3:$B$502,8),"") | C14: =IFERROR(INDEX('الموظفون'!$J$3:$J$502,8),"") | D14: =IFERROR(INDEX('الموظفون'!$K$3:$K$502,8),"") | E14: =IFERROR(INDEX('الموظفون'!$L$3:$L$502,8),"") | F14: =IFERROR(INDEX('الموظفون'!$N$3:$N$502,8),"") | G14: =IFERROR(INDEX('الموظفون'!$O$3:$O$502,8),"") | H14: =IFERROR(INDEX('الموظفون'!$Q$3:$Q$502,8),"") | I14: =IFERROR(INDEX('الموظفون'!$R$3:$R$502,8),"") | J14: =IFERROR(INDEX('الموظفون'!$S$3:$S$502,8),"") | K14: =IFERROR(INDEX('الموظفون'!$T$3:$T$502,8),"") | L14: =IFERROR(IF(INDEX(الموظفون_الرقم,8)="","",INDEX(الموظفون_الاساسي,8)+INDEX(الموظفون_البدلات,8)),"")
A15: =IFERROR(INDEX('الموظفون'!$A$3:$A$502,9),"") | B15: =IFERROR(INDEX('الموظفون'!$B$3:$B$502,9),"") | C15: =IFERROR(INDEX('الموظفون'!$J$3:$J$502,9),"") | D15: =IFERROR(INDEX('الموظفون'!$K$3:$K$502,9),"") | E15: =IFERROR(INDEX('الموظفون'!$L$3:$L$502,9),"") | F15: =IFERROR(INDEX('الموظفون'!$N$3:$N$502,9),"") | G15: =IFERROR(INDEX('الموظفون'!$O$3:$O$502,9),"") | H15: =IFERROR(INDEX('الموظفون'!$Q$3:$Q$502,9),"") | I15: =IFERROR(INDEX('الموظفون'!$R$3:$R$502,9),"") | J15: =IFERROR(INDEX('الموظفون'!$S$3:$S$502,9),"") | K15: =IFERROR(INDEX('الموظفون'!$T$3:$T$502,9),"") | L15: =IFERROR(IF(INDEX(الموظفون_الرقم,9)="","",INDEX(الموظفون_الاساسي,9)+INDEX(الموظفون_البدلات,9)),"")
A16: =IFERROR(INDEX('الموظفون'!$A$3:$A$502,10),"") | B16: =IFERROR(INDEX('الموظفون'!$B$3:$B$502,10),"") | C16: =IFERROR(INDEX('الموظفون'!$J$3:$J$502,10),"") | D16: =IFERROR(INDEX('الموظفون'!$K$3:$K$502,10),"") | E16: =IFERROR(INDEX('الموظفون'!$L$3:$L$502,10),"") | F16: =IFERROR(INDEX('الموظفون'!$N$3:$N$502,10),"") | G16: =IFERROR(INDEX('الموظفون'!$O$3:$O$502,10),"") | H16: =IFERROR(INDEX('الموظفون'!$Q$3:$Q$502,10),"") | I16: =IFERROR(INDEX('الموظفون'!$R$3:$R$502,10),"") | J16: =IFERROR(INDEX('الموظفون'!$S$3:$S$502,10),"") | K16: =IFERROR(INDEX('الموظفون'!$T$3:$T$502,10),"") | L16: =IFERROR(IF(INDEX(الموظفون_الرقم,10)="","",INDEX(الموظفون_الاساسي,10)+INDEX(الموظفون_البدلات,10)),"")
A17: =IFERROR(INDEX('الموظفون'!$A$3:$A$502,11),"") | B17: =IFERROR(INDEX('الموظفون'!$B$3:$B$502,11),"") | C17: =IFERROR(INDEX('الموظفون'!$J$3:$J$502,11),"") | D17: =IFERROR(INDEX('الموظفون'!$K$3:$K$502,11),"") | E17: =IFERROR(INDEX('الموظفون'!$L$3:$L$502,11),"") | F17: =IFERROR(INDEX('الموظفون'!$N$3:$N$502,11),"") | G17: =IFERROR(INDEX('الموظفون'!$O$3:$O$502,11),"") | H17: =IFERROR(INDEX('الموظفون'!$Q$3:$Q$502,11),"") | I17: =IFERROR(INDEX('الموظفون'!$R$3:$R$502,11),"") | J17: =IFERROR(INDEX('الموظفون'!$S$3:$S$502,11),"") | K17: =IFERROR(INDEX('الموظفون'!$T$3:$T$502,11),"") | L17: =IFERROR(IF(INDEX(الموظفون_الرقم,11)="","",INDEX(الموظفون_الاساسي,11)+INDEX(الموظفون_البدلات,11)),"")
A18: =IFERROR(INDEX('الموظفون'!$A$3:$A$502,12),"") | B18: =IFERROR(INDEX('الموظفون'!$B$3:$B$502,12),"") | C18: =IFERROR(INDEX('الموظفون'!$J$3:$J$502,12),"") | D18: =IFERROR(INDEX('الموظفون'!$K$3:$K$502,12),"") | E18: =IFERROR(INDEX('الموظفون'!$L$3:$L$502,12),"") | F18: =IFERROR(INDEX('الموظفون'!$N$3:$N$502,12),"") | G18: =IFERROR(INDEX('الموظفون'!$O$3:$O$502,12),"") | H18: =IFERROR(INDEX('الموظفون'!$Q$3:$Q$502,12),"") | I18: =IFERROR(INDEX('الموظفون'!$R$3:$R$502,12),"") | J18: =IFERROR(INDEX('الموظفون'!$S$3:$S$502,12),"") | K18: =IFERROR(INDEX('الموظفون'!$T$3:$T$502,12),"") | L18: =IFERROR(IF(INDEX(الموظفون_الرقم,12)="","",INDEX(الموظفون_الاساسي,12)+INDEX(الموظفون_البدلات,12)),"")
A19: =IFERROR(INDEX('الموظفون'!$A$3:$A$502,13),"") | B19: =IFERROR(INDEX('الموظفون'!$B$3:$B$502,13),"") | C19: =IFERROR(INDEX('الموظفون'!$J$3:$J$502,13),"") | D19: =IFERROR(INDEX('الموظفون'!$K$3:$K$502,13),"") | E19: =IFERROR(INDEX('الموظفون'!$L$3:$L$502,13),"") | F19: =IFERROR(INDEX('الموظفون'!$N$3:$N$502,13),"") | G19: =IFERROR(INDEX('الموظفون'!$O$3:$O$502,13),"") | H19: =IFERROR(INDEX('الموظفون'!$Q$3:$Q$502,13),"") | I19: =IFERROR(INDEX('الموظفون'!$R$3:$R$502,13),"") | J19: =IFERROR(INDEX('الموظفون'!$S$3:$S$502,13),"") | K19: =IFERROR(INDEX('الموظفون'!$T$3:$T$502,13),"") | L19: =IFERROR(IF(INDEX(الموظفون_الرقم,13)="","",INDEX(الموظفون_الاساسي,13)+INDEX(الموظفون_البدلات,13)),"")
A20: =IFERROR(INDEX('الموظفون'!$A$3:$A$502,14),"") | B20: =IFERROR(INDEX('الموظفون'!$B$3:$B$502,14),"") | C20: =IFERROR(INDEX('الموظفون'!$J$3:$J$502,14),"") | D20: =IFERROR(INDEX('الموظفون'!$K$3:$K$502,14),"") | E20: =IFERROR(INDEX('الموظفون'!$L$3:$L$502,14),"") | F20: =IFERROR(INDEX('الموظفون'!$N$3:$N$502,14),"") | G20: =IFERROR(INDEX('الموظفون'!$O$3:$O$502,14),"") | H20: =IFERROR(INDEX('الموظفون'!$Q$3:$Q$502,14),"") | I20: =IFERROR(INDEX('الموظفون'!$R$3:$R$502,14),"") | J20: =IFERROR(INDEX('الموظفون'!$S$3:$S$502,14),"") | K20: =IFERROR(INDEX('الموظفون'!$T$3:$T$502,14),"") | L20: =IFERROR(IF(INDEX(الموظفون_الرقم,14)="","",INDEX(الموظفون_الاساسي,14)+INDEX(الموظفون_البدلات,14)),"")
A21: =IFERROR(INDEX('الموظفون'!$A$3:$A$502,15),"") | B21: =IFERROR(INDEX('الموظفون'!$B$3:$B$502,15),"") | C21: =IFERROR(INDEX('الموظفون'!$J$3:$J$502,15),"") | D21: =IFERROR(INDEX('الموظفون'!$K$3:$K$502,15),"") | E21: =IFERROR(INDEX('الموظفون'!$L$3:$L$502,15),"") | F21: =IFERROR(INDEX('الموظفون'!$N$3:$N$502,15),"") | G21: =IFERROR(INDEX('الموظفون'!$O$3:$O$502,15),"") | H21: =IFERROR(INDEX('الموظفون'!$Q$3:$Q$502,15),"") | I21: =IFERROR(INDEX('الموظفون'!$R$3:$R$502,15),"") | J21: =IFERROR(INDEX('الموظفون'!$S$3:$S$502,15),"") | K21: =IFERROR(INDEX('الموظفون'!$T$3:$T$502,15),"") | L21: =IFERROR(IF(INDEX(الموظفون_الرقم,15)="","",INDEX(الموظفون_الاساسي,15)+INDEX(الموظفون_البدلات,15)),"")
A22: =IFERROR(INDEX('الموظفون'!$A$3:$A$502,16),"") | B22: =IFERROR(INDEX('الموظفون'!$B$3:$B$502,16),"") | C22: =IFERROR(INDEX('الموظفون'!$J$3:$J$502,16),"") | D22: =IFERROR(INDEX('الموظفون'!$K$3:$K$502,16),"") | E22: =IFERROR(INDEX('الموظفون'!$L$3:$L$502,16),"") | F22: =IFERROR(INDEX('الموظفون'!$N$3:$N$502,16),"") | G22: =IFERROR(INDEX('الموظفون'!$O$3:$O$502,16),"") | H22: =IFERROR(INDEX('الموظفون'!$Q$3:$Q$502,16),"") | I22: =IFERROR(INDEX('الموظفون'!$R$3:$R$502,16),"") | J22: =IFERROR(INDEX('الموظفون'!$S$3:$S$502,16),"") | K22: =IFERROR(INDEX('الموظفون'!$T$3:$T$502,16),"") | L22: =IFERROR(IF(INDEX(الموظفون_الرقم,16)="","",INDEX(الموظفون_الاساسي,16)+INDEX(الموظفون_البدلات,16)),"")
A23: =IFERROR(INDEX('الموظفون'!$A$3:$A$502,17),"") | B23: =IFERROR(INDEX('الموظفون'!$B$3:$B$502,17),"") | C23: =IFERROR(INDEX('الموظفون'!$J$3:$J$502,17),"") | D23: =IFERROR(INDEX('الموظفون'!$K$3:$K$502,17),"") | E23: =IFERROR(INDEX('الموظفون'!$L$3:$L$502,17),"") | F23: =IFERROR(INDEX('الموظفون'!$N$3:$N$502,17),"") | G23: =IFERROR(INDEX('الموظفون'!$O$3:$O$502,17),"") | H23: =IFERROR(INDEX('الموظفون'!$Q$3:$Q$502,17),"") | I23: =IFERROR(INDEX('الموظفون'!$R$3:$R$502,17),"") | J23: =IFERROR(INDEX('الموظفون'!$S$3:$S$502,17),"") | K23: =IFERROR(INDEX('الموظفون'!$T$3:$T$502,17),"") | L23: =IFERROR(IF(INDEX(الموظفون_الرقم,17)="","",INDEX(الموظفون_الاساسي,17)+INDEX(الموظفون_البدلات,17)),"")
A24: =IFERROR(INDEX('الموظفون'!$A$3:$A$502,18),"") | B24: =IFERROR(INDEX('الموظفون'!$B$3:$B$502,18),"") | C24: =IFERROR(INDEX('الموظفون'!$J$3:$J$502,18),"") | D24: =IFERROR(INDEX('الموظفون'!$K$3:$K$502,18),"") | E24: =IFERROR(INDEX('الموظفون'!$L$3:$L$502,18),"") | F24: =IFERROR(INDEX('الموظفون'!$N$3:$N$502,18),"") | G24: =IFERROR(INDEX('الموظفون'!$O$3:$O$502,18),"") | H24: =IFERROR(INDEX('الموظفون'!$Q$3:$Q$502,18),"") | I24: =IFERROR(INDEX('الموظفون'!$R$3:$R$502,18),"") | J24: =IFERROR(INDEX('الموظفون'!$S$3:$S$502,18),"") | K24: =IFERROR(INDEX('الموظفون'!$T$3:$T$502,18),"") | L24: =IFERROR(IF(INDEX(الموظفون_الرقم,18)="","",INDEX(الموظفون_الاساسي,18)+INDEX(الموظفون_البدلات,18)),"")
A25: =IFERROR(INDEX('الموظفون'!$A$3:$A$502,19),"") | B25: =IFERROR(INDEX('الموظفون'!$B$3:$B$502,19),"") | C25: =IFERROR(INDEX('الموظفون'!$J$3:$J$502,19),"") | D25: =IFERROR(INDEX('الموظفون'!$K$3:$K$502,19),"") | E25: =IFERROR(INDEX('الموظفون'!$L$3:$L$502,19),"") | F25: =IFERROR(INDEX('الموظفون'!$N$3:$N$502,19),"") | G25: =IFERROR(INDEX('الموظفون'!$O$3:$O$502,19),"") | H25: =IFERROR(INDEX('الموظفون'!$Q$3:$Q$502,19),"") | I25: =IFERROR(INDEX('الموظفون'!$R$3:$R$502,19),"") | J25: =IFERROR(INDEX('الموظفون'!$S$3:$S$502,19),"") | K25: =IFERROR(INDEX('الموظفون'!$T$3:$T$502,19),"") | L25: =IFERROR(IF(INDEX(الموظفون_الرقم,19)="","",INDEX(الموظفون_الاساسي,19)+INDEX(الموظفون_البدلات,19)),"")
A26: =IFERROR(INDEX('الموظفون'!$A$3:$A$502,20),"") | B26: =IFERROR(INDEX('الموظفون'!$B$3:$B$502,20),"") | C26: =IFERROR(INDEX('الموظفون'!$J$3:$J$502,20),"") | D26: =IFERROR(INDEX('الموظفون'!$K$3:$K$502,20),"") | E26: =IFERROR(INDEX('الموظفون'!$L$3:$L$502,20),"") | F26: =IFERROR(INDEX('الموظفون'!$N$3:$N$502,20),"") | G26: =IFERROR(INDEX('الموظفون'!$O$3:$O$502,20),"") | H26: =IFERROR(INDEX('الموظفون'!$Q$3:$Q$502,20),"") | I26: =IFERROR(INDEX('الموظفون'!$R$3:$R$502,20),"") | J26: =IFERROR(INDEX('الموظفون'!$S$3:$S$502,20),"") | K26: =IFERROR(INDEX('الموظفون'!$T$3:$T$502,20),"") | L26: =IFERROR(IF(INDEX(الموظفون_الرقم,20)="","",INDEX(الموظفون_الاساسي,20)+INDEX(الموظفون_البدلات,20)),"")
A27: =IFERROR(INDEX('الموظفون'!$A$3:$A$502,21),"") | B27: =IFERROR(INDEX('الموظفون'!$B$3:$B$502,21),"") | C27: =IFERROR(INDEX('الموظفون'!$J$3:$J$502,21),"") | D27: =IFERROR(INDEX('الموظفون'!$K$3:$K$502,21),"") | E27: =IFERROR(INDEX('الموظفون'!$L$3:$L$502,21),"") | F27: =IFERROR(INDEX('الموظفون'!$N$3:$N$502,21),"") | G27: =IFERROR(INDEX('الموظفون'!$O$3:$O$502,21),"") | H27: =IFERROR(INDEX('الموظفون'!$Q$3:$Q$502,21),"") | I27: =IFERROR(INDEX('الموظفون'!$R$3:$R$502,21),"") | J27: =IFERROR(INDEX('الموظفون'!$S$3:$S$502,21),"") | K27: =IFERROR(INDEX('الموظفون'!$T$3:$T$502,21),"") | L27: =IFERROR(IF(INDEX(الموظفون_الرقم,21)="","",INDEX(الموظفون_الاساسي,21)+INDEX(الموظفون_البدلات,21)),"")
A28: =IFERROR(INDEX('الموظفون'!$A$3:$A$502,22),"") | B28: =IFERROR(INDEX('الموظفون'!$B$3:$B$502,22),"") | C28: =IFERROR(INDEX('الموظفون'!$J$3:$J$502,22),"") | D28: =IFERROR(INDEX('الموظفون'!$K$3:$K$502,22),"") | E28: =IFERROR(INDEX('الموظفون'!$L$3:$L$502,22),"") | F28: =IFERROR(INDEX('الموظفون'!$N$3:$N$502,22),"") | G28: =IFERROR(INDEX('الموظفون'!$O$3:$O$502,22),"") | H28: =IFERROR(INDEX('الموظفون'!$Q$3:$Q$502,22),"") | I28: =IFERROR(INDEX('الموظفون'!$R$3:$R$502,22),"") | J28: =IFERROR(INDEX('الموظفون'!$S$3:$S$502,22),"") | K28: =IFERROR(INDEX('الموظفون'!$T$3:$T$502,22),"") | L28: =IFERROR(IF(INDEX(الموظفون_الرقم,22)="","",INDEX(الموظفون_الاساسي,22)+INDEX(الموظفون_البدلات,22)),"")
A29: =IFERROR(INDEX('الموظفون'!$A$3:$A$502,23),"") | B29: =IFERROR(INDEX('الموظفون'!$B$3:$B$502,23),"") | C29: =IFERROR(INDEX('الموظفون'!$J$3:$J$502,23),"") | D29: =IFERROR(INDEX('الموظفون'!$K$3:$K$502,23),"") | E29: =IFERROR(INDEX('الموظفون'!$L$3:$L$502,23),"") | F29: =IFERROR(INDEX('الموظفون'!$N$3:$N$502,23),"") | G29: =IFERROR(INDEX('الموظفون'!$O$3:$O$502,23),"") | H29: =IFERROR(INDEX('الموظفون'!$Q$3:$Q$502,23),"") | I29: =IFERROR(INDEX('الموظفون'!$R$3:$R$502,23),"") | J29: =IFERROR(INDEX('الموظفون'!$S$3:$S$502,23),"") | K29: =IFERROR(INDEX('الموظفون'!$T$3:$T$502,23),"") | L29: =IFERROR(IF(INDEX(الموظفون_الرقم,23)="","",INDEX(الموظفون_الاساسي,23)+INDEX(الموظفون_البدلات,23)),"")
A30: =IFERROR(INDEX('الموظفون'!$A$3:$A$502,24),"") | B30: =IFERROR(INDEX('الموظفون'!$B$3:$B$502,24),"") | C30: =IFERROR(INDEX('الموظفون'!$J$3:$J$502,24),"") | D30: =IFERROR(INDEX('الموظفون'!$K$3:$K$502,24),"") | E30: =IFERROR(INDEX('الموظفون'!$L$3:$L$502,24),"") | F30: =IFERROR(INDEX('الموظفون'!$N$3:$N$502,24),"") | G30: =IFERROR(INDEX('الموظفون'!$O$3:$O$502,24),"") | H30: =IFERROR(INDEX('الموظفون'!$Q$3:$Q$502,24),"") | I30: =IFERROR(INDEX('الموظفون'!$R$3:$R$502,24),"") | J30: =IFERROR(INDEX('الموظفون'!$S$3:$S$502,24),"") | K30: =IFERROR(INDEX('الموظفون'!$T$3:$T$502,24),"") | L30: =IFERROR(IF(INDEX(الموظفون_الرقم,24)="","",INDEX(الموظفون_الاساسي,24)+INDEX(الموظفون_البدلات,24)),"")
A31: =IFERROR(INDEX('الموظفون'!$A$3:$A$502,25),"") | B31: =IFERROR(INDEX('الموظفون'!$B$3:$B$502,25),"") | C31: =IFERROR(INDEX('الموظفون'!$J$3:$J$502,25),"") | D31: =IFERROR(INDEX('الموظفون'!$K$3:$K$502,25),"") | E31: =IFERROR(INDEX('الموظفون'!$L$3:$L$502,25),"") | F31: =IFERROR(INDEX('الموظفون'!$N$3:$N$502,25),"") | G31: =IFERROR(INDEX('الموظفون'!$O$3:$O$502,25),"") | H31: =IFERROR(INDEX('الموظفون'!$Q$3:$Q$502,25),"") | I31: =IFERROR(INDEX('الموظفون'!$R$3:$R$502,25),"") | J31: =IFERROR(INDEX('الموظفون'!$S$3:$S$502,25),"") | K31: =IFERROR(INDEX('الموظفون'!$T$3:$T$502,25),"") | L31: =IFERROR(IF(INDEX(الموظفون_الرقم,25)="","",INDEX(الموظفون_الاساسي,25)+INDEX(الموظفون_البدلات,25)),"")
A32: =IFERROR(INDEX('الموظفون'!$A$3:$A$502,26),"") | B32: =IFERROR(INDEX('الموظفون'!$B$3:$B$502,26),"") | C32: =IFERROR(INDEX('الموظفون'!$J$3:$J$502,26),"") | D32: =IFERROR(INDEX('الموظفون'!$K$3:$K$502,26),"") | E32: =IFERROR(INDEX('الموظفون'!$L$3:$L$502,26),"") | F32: =IFERROR(INDEX('الموظفون'!$N$3:$N$502,26),"") | G32: =IFERROR(INDEX('الموظفون'!$O$3:$O$502,26),"") | H32: =IFERROR(INDEX('الموظفون'!$Q$3:$Q$502,26),"") | I32: =IFERROR(INDEX('الموظفون'!$R$3:$R$502,26),"") | J32: =IFERROR(INDEX('الموظفون'!$S$3:$S$502,26),"") | K32: =IFERROR(INDEX('الموظفون'!$T$3:$T$502,26),"") | L32: =IFERROR(IF(INDEX(الموظفون_الرقم,26)="","",INDEX(الموظفون_الاساسي,26)+INDEX(الموظفون_البدلات,26)),"")
A33: =IFERROR(INDEX('الموظفون'!$A$3:$A$502,27),"") | B33: =IFERROR(INDEX('الموظفون'!$B$3:$B$502,27),"") | C33: =IFERROR(INDEX('الموظفون'!$J$3:$J$502,27),"") | D33: =IFERROR(INDEX('الموظفون'!$K$3:$K$502,27),"") | E33: =IFERROR(INDEX('الموظفون'!$L$3:$L$502,27),"") | F33: =IFERROR(INDEX('الموظفون'!$N$3:$N$502,27),"") | G33: =IFERROR(INDEX('الموظفون'!$O$3:$O$502,27),"") | H33: =IFERROR(INDEX('الموظفون'!$Q$3:$Q$502,27),"") | I33: =IFERROR(INDEX('الموظفون'!$R$3:$R$502,27),"") | J33: =IFERROR(INDEX('الموظفون'!$S$3:$S$502,27),"") | K33: =IFERROR(INDEX('الموظفون'!$T$3:$T$502,27),"") | L33: =IFERROR(IF(INDEX(الموظفون_الرقم,27)="","",INDEX(الموظفون_الاساسي,27)+INDEX(الموظفون_البدلات,27)),"")
A34: =IFERROR(INDEX('الموظفون'!$A$3:$A$502,28),"") | B34: =IFERROR(INDEX('الموظفون'!$B$3:$B$502,28),"") | C34: =IFERROR(INDEX('الموظفون'!$J$3:$J$502,28),"") | D34: =IFERROR(INDEX('الموظفون'!$K$3:$K$502,28),"") | E34: =IFERROR(INDEX('الموظفون'!$L$3:$L$502,28),"") | F34: =IFERROR(INDEX('الموظفون'!$N$3:$N$502,28),"") | G34: =IFERROR(INDEX('الموظفون'!$O$3:$O$502,28),"") | H34: =IFERROR(INDEX('الموظفون'!$Q$3:$Q$502,28),"") | I34: =IFERROR(INDEX('الموظفون'!$R$3:$R$502,28),"") | J34: =IFERROR(INDEX('الموظفون'!$S$3:$S$502,28),"") | K34: =IFERROR(INDEX('الموظفون'!$T$3:$T$502,28),"") | L34: =IFERROR(IF(INDEX(الموظفون_الرقم,28)="","",INDEX(الموظفون_الاساسي,28)+INDEX(الموظفون_البدلات,28)),"")
A35: =IFERROR(INDEX('الموظفون'!$A$3:$A$502,29),"") | B35: =IFERROR(INDEX('الموظفون'!$B$3:$B$502,29),"") | C35: =IFERROR(INDEX('الموظفون'!$J$3:$J$502,29),"") | D35: =IFERROR(INDEX('الموظفون'!$K$3:$K$502,29),"") | E35: =IFERROR(INDEX('الموظفون'!$L$3:$L$502,29),"") | F35: =IFERROR(INDEX('الموظفون'!$N$3:$N$502,29),"") | G35: =IFERROR(INDEX('الموظفون'!$O$3:$O$502,29),"") | H35: =IFERROR(INDEX('الموظفون'!$Q$3:$Q$502,29),"") | I35: =IFERROR(INDEX('الموظفون'!$R$3:$R$502,29),"") | J35: =IFERROR(INDEX('الموظفون'!$S$3:$S$502,29),"") | K35: =IFERROR(INDEX('الموظفون'!$T$3:$T$502,29),"") | L35: =IFERROR(IF(INDEX(الموظفون_الرقم,29)="","",INDEX(الموظفون_الاساسي,29)+INDEX(الموظفون_البدلات,29)),"")
A36: =IFERROR(INDEX('الموظفون'!$A$3:$A$502,30),"") | B36: =IFERROR(INDEX('الموظفون'!$B$3:$B$502,30),"") | C36: =IFERROR(INDEX('الموظفون'!$J$3:$J$502,30),"") | D36: =IFERROR(INDEX('الموظفون'!$K$3:$K$502,30),"") | E36: =IFERROR(INDEX('الموظفون'!$L$3:$L$502,30),"") | F36: =IFERROR(INDEX('الموظفون'!$N$3:$N$502,30),"") | G36: =IFERROR(INDEX('الموظفون'!$O$3:$O$502,30),"") | H36: =IFERROR(INDEX('الموظفون'!$Q$3:$Q$502,30),"") | I36: =IFERROR(INDEX('الموظفون'!$R$3:$R$502,30),"") | J36: =IFERROR(INDEX('الموظفون'!$S$3:$S$502,30),"") | K36: =IFERROR(INDEX('الموظفون'!$T$3:$T$502,30),"") | L36: =IFERROR(IF(INDEX(الموظفون_الرقم,30)="","",INDEX(الموظفون_الاساسي,30)+INDEX(الموظفون_البدلات,30)),"")
A37: =IFERROR(INDEX('الموظفون'!$A$3:$A$502,31),"") | B37: =IFERROR(INDEX('الموظفون'!$B$3:$B$502,31),"") | C37: =IFERROR(INDEX('الموظفون'!$J$3:$J$502,31),"") | D37: =IFERROR(INDEX('الموظفون'!$K$3:$K$502,31),"") | E37: =IFERROR(INDEX('الموظفون'!$L$3:$L$502,31),"") | F37: =IFERROR(INDEX('الموظفون'!$N$3:$N$502,31),"") | G37: =IFERROR(INDEX('الموظفون'!$O$3:$O$502,31),"") | H37: =IFERROR(INDEX('الموظفون'!$Q$3:$Q$502,31),"") | I37: =IFERROR(INDEX('الموظفون'!$R$3:$R$502,31),"") | J37: =IFERROR(INDEX('الموظفون'!$S$3:$S$502,31),"") | K37: =IFERROR(INDEX('الموظفون'!$T$3:$T$502,31),"") | L37: =IFERROR(IF(INDEX(الموظفون_الرقم,31)="","",INDEX(الموظفون_الاساسي,31)+INDEX(الموظفون_البدلات,31)),"")
A38: =IFERROR(INDEX('الموظفون'!$A$3:$A$502,32),"") | B38: =IFERROR(INDEX('الموظفون'!$B$3:$B$502,32),"") | C38: =IFERROR(INDEX('الموظفون'!$J$3:$J$502,32),"") | D38: =IFERROR(INDEX('الموظفون'!$K$3:$K$502,32),"") | E38: =IFERROR(INDEX('الموظفون'!$L$3:$L$502,32),"") | F38: =IFERROR(INDEX('الموظفون'!$N$3:$N$502,32),"") | G38: =IFERROR(INDEX('الموظفون'!$O$3:$O$502,32),"") | H38: =IFERROR(INDEX('الموظفون'!$Q$3:$Q$502,32),"") | I38: =IFERROR(INDEX('الموظفون'!$R$3:$R$502,32),"") | J38: =IFERROR(INDEX('الموظفون'!$S$3:$S$502,32),"") | K38: =IFERROR(INDEX('الموظفون'!$T$3:$T$502,32),"") | L38: =IFERROR(IF(INDEX(الموظفون_الرقم,32)="","",INDEX(الموظفون_الاساسي,32)+INDEX(الموظفون_البدلات,32)),"")
A39: =IFERROR(INDEX('الموظفون'!$A$3:$A$502,33),"") | B39: =IFERROR(INDEX('الموظفون'!$B$3:$B$502,33),"") | C39: =IFERROR(INDEX('الموظفون'!$J$3:$J$502,33),"") | D39: =IFERROR(INDEX('الموظفون'!$K$3:$K$502,33),"") | E39: =IFERROR(INDEX('الموظفون'!$L$3:$L$502,33),"") | F39: =IFERROR(INDEX('الموظفون'!$N$3:$N$502,33),"") | G39: =IFERROR(INDEX('الموظفون'!$O$3:$O$502,33),"") | H39: =IFERROR(INDEX('الموظفون'!$Q$3:$Q$502,33),"") | I39: =IFERROR(INDEX('الموظفون'!$R$3:$R$502,33),"") | J39: =IFERROR(INDEX('الموظفون'!$S$3:$S$502,33),"") | K39: =IFERROR(INDEX('الموظفون'!$T$3:$T$502,33),"") | L39: =IFERROR(IF(INDEX(الموظفون_الرقم,33)="","",INDEX(الموظفون_الاساسي,33)+INDEX(الموظفون_البدلات,33)),"")
A40: =IFERROR(INDEX('الموظفون'!$A$3:$A$502,34),"") | B40: =IFERROR(INDEX('الموظفون'!$B$3:$B$502,34),"") | C40: =IFERROR(INDEX('الموظفون'!$J$3:$J$502,34),"") | D40: =IFERROR(INDEX('الموظفون'!$K$3:$K$502,34),"") | E40: =IFERROR(INDEX('الموظفون'!$L$3:$L$502,34),"") | F40: =IFERROR(INDEX('الموظفون'!$N$3:$N$502,34),"") | G40: =IFERROR(INDEX('الموظفون'!$O$3:$O$502,34),"") | H40: =IFERROR(INDEX('الموظفون'!$Q$3:$Q$502,34),"") | I40: =IFERROR(INDEX('الموظفون'!$R$3:$R$502,34),"") | J40: =IFERROR(INDEX('الموظفون'!$S$3:$S$502,34),"") | K40: =IFERROR(INDEX('الموظفون'!$T$3:$T$502,34),"") | L40: =IFERROR(IF(INDEX(الموظفون_الرقم,34)="","",INDEX(الموظفون_الاساسي,34)+INDEX(الموظفون_البدلات,34)),"")
A41: =IFERROR(INDEX('الموظفون'!$A$3:$A$502,35),"") | B41: =IFERROR(INDEX('الموظفون'!$B$3:$B$502,35),"") | C41: =IFERROR(INDEX('الموظفون'!$J$3:$J$502,35),"") | D41: =IFERROR(INDEX('الموظفون'!$K$3:$K$502,35),"") | E41: =IFERROR(INDEX('الموظفون'!$L$3:$L$502,35),"") | F41: =IFERROR(INDEX('الموظفون'!$N$3:$N$502,35),"") | G41: =IFERROR(INDEX('الموظفون'!$O$3:$O$502,35),"") | H41: =IFERROR(INDEX('الموظفون'!$Q$3:$Q$502,35),"") | I41: =IFERROR(INDEX('الموظفون'!$R$3:$R$502,35),"") | J41: =IFERROR(INDEX('الموظفون'!$S$3:$S$502,35),"") | K41: =IFERROR(INDEX('الموظفون'!$T$3:$T$502,35),"") | L41: =IFERROR(IF(INDEX(الموظفون_الرقم,35)="","",INDEX(الموظفون_الاساسي,35)+INDEX(الموظفون_البدلات,35)),"")
A42: =IFERROR(INDEX('الموظفون'!$A$3:$A$502,36),"") | B42: =IFERROR(INDEX('الموظفون'!$B$3:$B$502,36),"") | C42: =IFERROR(INDEX('الموظفون'!$J$3:$J$502,36),"") | D42: =IFERROR(INDEX('الموظفون'!$K$3:$K$502,36),"") | E42: =IFERROR(INDEX('الموظفون'!$L$3:$L$502,36),"") | F42: =IFERROR(INDEX('الموظفون'!$N$3:$N$502,36),"") | G42: =IFERROR(INDEX('الموظفون'!$O$3:$O$502,36),"") | H42: =IFERROR(INDEX('الموظفون'!$Q$3:$Q$502,36),"") | I42: =IFERROR(INDEX('الموظفون'!$R$3:$R$502,36),"") | J42: =IFERROR(INDEX('الموظفون'!$S$3:$S$502,36),"") | K42: =IFERROR(INDEX('الموظفون'!$T$3:$T$502,36),"") | L42: =IFERROR(IF(INDEX(الموظفون_الرقم,36)="","",INDEX(الموظفون_الاساسي,36)+INDEX(الموظفون_البدلات,36)),"")
A43: =IFERROR(INDEX('الموظفون'!$A$3:$A$502,37),"") | B43: =IFERROR(INDEX('الموظفون'!$B$3:$B$502,37),"") | C43: =IFERROR(INDEX('الموظفون'!$J$3:$J$502,37),"") | D43: =IFERROR(INDEX('الموظفون'!$K$3:$K$502,37),"") | E43: =IFERROR(INDEX('الموظفون'!$L$3:$L$502,37),"") | F43: =IFERROR(INDEX('الموظفون'!$N$3:$N$502,37),"") | G43: =IFERROR(INDEX('الموظفون'!$O$3:$O$502,37),"") | H43: =IFERROR(INDEX('الموظفون'!$Q$3:$Q$502,37),"") | I43: =IFERROR(INDEX('الموظفون'!$R$3:$R$502,37),"") | J43: =IFERROR(INDEX('الموظفون'!$S$3:$S$502,37),"") | K43: =IFERROR(INDEX('الموظفون'!$T$3:$T$502,37),"") | L43: =IFERROR(IF(INDEX(الموظفون_الرقم,37)="","",INDEX(الموظفون_الاساسي,37)+INDEX(الموظفون_البدلات,37)),"")
A44: =IFERROR(INDEX('الموظفون'!$A$3:$A$502,38),"") | B44: =IFERROR(INDEX('الموظفون'!$B$3:$B$502,38),"") | C44: =IFERROR(INDEX('الموظفون'!$J$3:$J$502,38),"") | D44: =IFERROR(INDEX('الموظفون'!$K$3:$K$502,38),"") | E44: =IFERROR(INDEX('الموظفون'!$L$3:$L$502,38),"") | F44: =IFERROR(INDEX('الموظفون'!$N$3:$N$502,38),"") | G44: =IFERROR(INDEX('الموظفون'!$O$3:$O$502,38),"") | H44: =IFERROR(INDEX('الموظفون'!$Q$3:$Q$502,38),"") | I44: =IFERROR(INDEX('الموظفون'!$R$3:$R$502,38),"") | J44: =IFERROR(INDEX('الموظفون'!$S$3:$S$502,38),"") | K44: =IFERROR(INDEX('الموظفون'!$T$3:$T$502,38),"") | L44: =IFERROR(IF(INDEX(الموظفون_الرقم,38)="","",INDEX(الموظفون_الاساسي,38)+INDEX(الموظفون_البدلات,38)),"")
A45: =IFERROR(INDEX('الموظفون'!$A$3:$A$502,39),"") | B45: =IFERROR(INDEX('الموظفون'!$B$3:$B$502,39),"") | C45: =IFERROR(INDEX('الموظفون'!$J$3:$J$502,39),"") | D45: =IFERROR(INDEX('الموظفون'!$K$3:$K$502,39),"") | E45: =IFERROR(INDEX('الموظفون'!$L$3:$L$502,39),"") | F45: =IFERROR(INDEX('الموظفون'!$N$3:$N$502,39),"") | G45: =IFERROR(INDEX('الموظفون'!$O$3:$O$502,39),"") | H45: =IFERROR(INDEX('الموظفون'!$Q$3:$Q$502,39),"") | I45: =IFERROR(INDEX('الموظفون'!$R$3:$R$502,39),"") | J45: =IFERROR(INDEX('الموظفون'!$S$3:$S$502,39),"") | K45: =IFERROR(INDEX('الموظفون'!$T$3:$T$502,39),"") | L45: =IFERROR(IF(INDEX(الموظفون_الرقم,39)="","",INDEX(الموظفون_الاساسي,39)+INDEX(الموظفون_البدلات,39)),"")
A46: =IFERROR(INDEX('الموظفون'!$A$3:$A$502,40),"") | B46: =IFERROR(INDEX('الموظفون'!$B$3:$B$502,40),"") | C46: =IFERROR(INDEX('الموظفون'!$J$3:$J$502,40),"") | D46: =IFERROR(INDEX('الموظفون'!$K$3:$K$502,40),"") | E46: =IFERROR(INDEX('الموظفون'!$L$3:$L$502,40),"") | F46: =IFERROR(INDEX('الموظفون'!$N$3:$N$502,40),"") | G46: =IFERROR(INDEX('الموظفون'!$O$3:$O$502,40),"") | H46: =IFERROR(INDEX('الموظفون'!$Q$3:$Q$502,40),"") | I46: =IFERROR(INDEX('الموظفون'!$R$3:$R$502,40),"") | J46: =IFERROR(INDEX('الموظفون'!$S$3:$S$502,40),"") | K46: =IFERROR(INDEX('الموظفون'!$T$3:$T$502,40),"") | L46: =IFERROR(IF(INDEX(الموظفون_الرقم,40)="","",INDEX(الموظفون_الاساسي,40)+INDEX(الموظفون_البدلات,40)),"")
A47: =IFERROR(INDEX('الموظفون'!$A$3:$A$502,41),"") | B47: =IFERROR(INDEX('الموظفون'!$B$3:$B$502,41),"") | C47: =IFERROR(INDEX('الموظفون'!$J$3:$J$502,41),"") | D47: =IFERROR(INDEX('الموظفون'!$K$3:$K$502,41),"") | E47: =IFERROR(INDEX('الموظفون'!$L$3:$L$502,41),"") | F47: =IFERROR(INDEX('الموظفون'!$N$3:$N$502,41),"") | G47: =IFERROR(INDEX('الموظفون'!$O$3:$O$502,41),"") | H47: =IFERROR(INDEX('الموظفون'!$Q$3:$Q$502,41),"") | I47: =IFERROR(INDEX('الموظفون'!$R$3:$R$502,41),"") | J47: =IFERROR(INDEX('الموظفون'!$S$3:$S$502,41),"") | K47: =IFERROR(INDEX('الموظفون'!$T$3:$T$502,41),"") | L47: =IFERROR(IF(INDEX(الموظفون_الرقم,41)="","",INDEX(الموظفون_الاساسي,41)+INDEX(الموظفون_البدلات,41)),"")
A48: =IFERROR(INDEX('الموظفون'!$A$3:$A$502,42),"") | B48: =IFERROR(INDEX('الموظفون'!$B$3:$B$502,42),"") | C48: =IFERROR(INDEX('الموظفون'!$J$3:$J$502,42),"") | D48: =IFERROR(INDEX('الموظفون'!$K$3:$K$502,42),"") | E48: =IFERROR(INDEX('الموظفون'!$L$3:$L$502,42),"") | F48: =IFERROR(INDEX('الموظفون'!$N$3:$N$502,42),"") | G48: =IFERROR(INDEX('الموظفون'!$O$3:$O$502,42),"") | H48: =IFERROR(INDEX('الموظفون'!$Q$3:$Q$502,42),"") | I48: =IFERROR(INDEX('الموظفون'!$R$3:$R$502,42),"") | J48: =IFERROR(INDEX('الموظفون'!$S$3:$S$502,42),"") | K48: =IFERROR(INDEX('الموظفون'!$T$3:$T$502,42),"") | L48: =IFERROR(IF(INDEX(الموظفون_الرقم,42)="","",INDEX(الموظفون_الاساسي,42)+INDEX(الموظفون_البدلات,42)),"")
A49: =IFERROR(INDEX('الموظفون'!$A$3:$A$502,43),"") | B49: =IFERROR(INDEX('الموظفون'!$B$3:$B$502,43),"") | C49: =IFERROR(INDEX('الموظفون'!$J$3:$J$502,43),"") | D49: =IFERROR(INDEX('الموظفون'!$K$3:$K$502,43),"") | E49: =IFERROR(INDEX('الموظفون'!$L$3:$L$502,43),"") | F49: =IFERROR(INDEX('الموظفون'!$N$3:$N$502,43),"") | G49: =IFERROR(INDEX('الموظفون'!$O$3:$O$502,43),"") | H49: =IFERROR(INDEX('الموظفون'!$Q$3:$Q$502,43),"") | I49: =IFERROR(INDEX('الموظفون'!$R$3:$R$502,43),"") | J49: =IFERROR(INDEX('الموظفون'!$S$3:$S$502,43),"") | K49: =IFERROR(INDEX('الموظفون'!$T$3:$T$502,43),"") | L49: =IFERROR(IF(INDEX(الموظفون_الرقم,43)="","",INDEX(الموظفون_الاساسي,43)+INDEX(الموظفون_البدلات,43)),"")
A50: =IFERROR(INDEX('الموظفون'!$A$3:$A$502,44),"") | B50: =IFERROR(INDEX('الموظفون'!$B$3:$B$502,44),"") | C50: =IFERROR(INDEX('الموظفون'!$J$3:$J$502,44),"") | D50: =IFERROR(INDEX('الموظفون'!$K$3:$K$502,44),"") | E50: =IFERROR(INDEX('الموظفون'!$L$3:$L$502,44),"") | F50: =IFERROR(INDEX('الموظفون'!$N$3:$N$502,44),"") | G50: =IFERROR(INDEX('الموظفون'!$O$3:$O$502,44),"") | H50: =IFERROR(INDEX('الموظفون'!$Q$3:$Q$502,44),"") | I50: =IFERROR(INDEX('الموظفون'!$R$3:$R$502,44),"") | J50: =IFERROR(INDEX('الموظفون'!$S$3:$S$502,44),"") | K50: =IFERROR(INDEX('الموظفون'!$T$3:$T$502,44),"") | L50: =IFERROR(IF(INDEX(الموظفون_الرقم,44)="","",INDEX(الموظفون_الاساسي,44)+INDEX(الموظفون_البدلات,44)),"")
A51: =IFERROR(INDEX('الموظفون'!$A$3:$A$502,45),"") | B51: =IFERROR(INDEX('الموظفون'!$B$3:$B$502,45),"") | C51: =IFERROR(INDEX('الموظفون'!$J$3:$J$502,45),"") | D51: =IFERROR(INDEX('الموظفون'!$K$3:$K$502,45),"") | E51: =IFERROR(INDEX('الموظفون'!$L$3:$L$502,45),"") | F51: =IFERROR(INDEX('الموظفون'!$N$3:$N$502,45),"") | G51: =IFERROR(INDEX('الموظفون'!$O$3:$O$502,45),"") | H51: =IFERROR(INDEX('الموظفون'!$Q$3:$Q$502,45),"") | I51: =IFERROR(INDEX('الموظفون'!$R$3:$R$502,45),"") | J51: =IFERROR(INDEX('الموظفون'!$S$3:$S$502,45),"") | K51: =IFERROR(INDEX('الموظفون'!$T$3:$T$502,45),"") | L51: =IFERROR(IF(INDEX(الموظفون_الرقم,45)="","",INDEX(الموظفون_الاساسي,45)+INDEX(الموظفون_البدلات,45)),"")
A52: =IFERROR(INDEX('الموظفون'!$A$3:$A$502,46),"") | B52: =IFERROR(INDEX('الموظفون'!$B$3:$B$502,46),"") | C52: =IFERROR(INDEX('الموظفون'!$J$3:$J$502,46),"") | D52: =IFERROR(INDEX('الموظفون'!$K$3:$K$502,46),"") | E52: =IFERROR(INDEX('الموظفون'!$L$3:$L$502,46),"") | F52: =IFERROR(INDEX('الموظفون'!$N$3:$N$502,46),"") | G52: =IFERROR(INDEX('الموظفون'!$O$3:$O$502,46),"") | H52: =IFERROR(INDEX('الموظفون'!$Q$3:$Q$502,46),"") | I52: =IFERROR(INDEX('الموظفون'!$R$3:$R$502,46),"") | J52: =IFERROR(INDEX('الموظفون'!$S$3:$S$502,46),"") | K52: =IFERROR(INDEX('الموظفون'!$T$3:$T$502,46),"") | L52: =IFERROR(IF(INDEX(الموظفون_الرقم,46)="","",INDEX(الموظفون_الاساسي,46)+INDEX(الموظفون_البدلات,46)),"")
A53: =IFERROR(INDEX('الموظفون'!$A$3:$A$502,47),"") | B53: =IFERROR(INDEX('الموظفون'!$B$3:$B$502,47),"") | C53: =IFERROR(INDEX('الموظفون'!$J$3:$J$502,47),"") | D53: =IFERROR(INDEX('الموظفون'!$K$3:$K$502,47),"") | E53: =IFERROR(INDEX('الموظفون'!$L$3:$L$502,47),"") | F53: =IFERROR(INDEX('الموظفون'!$N$3:$N$502,47),"") | G53: =IFERROR(INDEX('الموظفون'!$O$3:$O$502,47),"") | H53: =IFERROR(INDEX('الموظفون'!$Q$3:$Q$502,47),"") | I53: =IFERROR(INDEX('الموظفون'!$R$3:$R$502,47),"") | J53: =IFERROR(INDEX('الموظفون'!$S$3:$S$502,47),"") | K53: =IFERROR(INDEX('الموظفون'!$T$3:$T$502,47),"") | L53: =IFERROR(IF(INDEX(الموظفون_الرقم,47)="","",INDEX(الموظفون_الاساسي,47)+INDEX(الموظفون_البدلات,47)),"")
A54: =IFERROR(INDEX('الموظفون'!$A$3:$A$502,48),"") | B54: =IFERROR(INDEX('الموظفون'!$B$3:$B$502,48),"") | C54: =IFERROR(INDEX('الموظفون'!$J$3:$J$502,48),"") | D54: =IFERROR(INDEX('الموظفون'!$K$3:$K$502,48),"") | E54: =IFERROR(INDEX('الموظفون'!$L$3:$L$502,48),"") | F54: =IFERROR(INDEX('الموظفون'!$N$3:$N$502,48),"") | G54: =IFERROR(INDEX('الموظفون'!$O$3:$O$502,48),"") | H54: =IFERROR(INDEX('الموظفون'!$Q$3:$Q$502,48),"") | I54: =IFERROR(INDEX('الموظفون'!$R$3:$R$502,48),"") | J54: =IFERROR(INDEX('الموظفون'!$S$3:$S$502,48),"") | K54: =IFERROR(INDEX('الموظفون'!$T$3:$T$502,48),"") | L54: =IFERROR(IF(INDEX(الموظفون_الرقم,48)="","",INDEX(الموظفون_الاساسي,48)+INDEX(الموظفون_البدلات,48)),"")
A55: =IFERROR(INDEX('الموظفون'!$A$3:$A$502,49),"") | B55: =IFERROR(INDEX('الموظفون'!$B$3:$B$502,49),"") | C55: =IFERROR(INDEX('الموظفون'!$J$3:$J$502,49),"") | D55: =IFERROR(INDEX('الموظفون'!$K$3:$K$502,49),"") | E55: =IFERROR(INDEX('الموظفون'!$L$3:$L$502,49),"") | F55: =IFERROR(INDEX('الموظفون'!$N$3:$N$502,49),"") | G55: =IFERROR(INDEX('الموظفون'!$O$3:$O$502,49),"") | H55: =IFERROR(INDEX('الموظفون'!$Q$3:$Q$502,49),"") | I55: =IFERROR(INDEX('الموظفون'!$R$3:$R$502,49),"") | J55: =IFERROR(INDEX('الموظفون'!$S$3:$S$502,49),"") | K55: =IFERROR(INDEX('الموظفون'!$T$3:$T$502,49),"") | L55: =IFERROR(IF(INDEX(الموظفون_الرقم,49)="","",INDEX(الموظفون_الاساسي,49)+INDEX(الموظفون_البدلات,49)),"")
A56: =IFERROR(INDEX('الموظفون'!$A$3:$A$502,50),"") | B56: =IFERROR(INDEX('الموظفون'!$B$3:$B$502,50),"") | C56: =IFERROR(INDEX('الموظفون'!$J$3:$J$502,50),"") | D56: =IFERROR(INDEX('الموظفون'!$K$3:$K$502,50),"") | E56: =IFERROR(INDEX('الموظفون'!$L$3:$L$502,50),"") | F56: =IFERROR(INDEX('الموظفون'!$N$3:$N$502,50),"") | G56: =IFERROR(INDEX('الموظفون'!$O$3:$O$502,50),"") | H56: =IFERROR(INDEX('الموظفون'!$Q$3:$Q$502,50),"") | I56: =IFERROR(INDEX('الموظفون'!$R$3:$R$502,50),"") | J56: =IFERROR(INDEX('الموظفون'!$S$3:$S$502,50),"") | K56: =IFERROR(INDEX('الموظفون'!$T$3:$T$502,50),"") | L56: =IFERROR(IF(INDEX(الموظفون_الرقم,50)="","",INDEX(الموظفون_الاساسي,50)+INDEX(الموظفون_البدلات,50)),"")
A57: =IFERROR(INDEX('الموظفون'!$A$3:$A$502,51),"") | B57: =IFERROR(INDEX('الموظفون'!$B$3:$B$502,51),"") | C57: =IFERROR(INDEX('الموظفون'!$J$3:$J$502,51),"") | D57: =IFERROR(INDEX('الموظفون'!$K$3:$K$502,51),"") | E57: =IFERROR(INDEX('الموظفون'!$L$3:$L$502,51),"") | F57: =IFERROR(INDEX('الموظفون'!$N$3:$N$502,51),"") | G57: =IFERROR(INDEX('الموظفون'!$O$3:$O$502,51),"") | H57: =IFERROR(INDEX('الموظفون'!$Q$3:$Q$502,51),"") | I57: =IFERROR(INDEX('الموظفون'!$R$3:$R$502,51),"") | J57: =IFERROR(INDEX('الموظفون'!$S$3:$S$502,51),"") | K57: =IFERROR(INDEX('الموظفون'!$T$3:$T$502,51),"") | L57: =IFERROR(IF(INDEX(الموظفون_الرقم,51)="","",INDEX(الموظفون_الاساسي,51)+INDEX(الموظفون_البدلات,51)),"")
A58: =IFERROR(INDEX('الموظفون'!$A$3:$A$502,52),"") | B58: =IFERROR(INDEX('الموظفون'!$B$3:$B$502,52),"") | C58: =IFERROR(INDEX('الموظفون'!$J$3:$J$502,52),"") | D58: =IFERROR(INDEX('الموظفون'!$K$3:$K$502,52),"") | E58: =IFERROR(INDEX('الموظفون'!$L$3:$L$502,52),"") | F58: =IFERROR(INDEX('الموظفون'!$N$3:$N$502,52),"") | G58: =IFERROR(INDEX('الموظفون'!$O$3:$O$502,52),"") | H58: =IFERROR(INDEX('الموظفون'!$Q$3:$Q$502,52),"") | I58: =IFERROR(INDEX('الموظفون'!$R$3:$R$502,52),"") | J58: =IFERROR(INDEX('الموظفون'!$S$3:$S$502,52),"") | K58: =IFERROR(INDEX('الموظفون'!$T$3:$T$502,52),"") | L58: =IFERROR(IF(INDEX(الموظفون_الرقم,52)="","",INDEX(الموظفون_الاساسي,52)+INDEX(الموظفون_البدلات,52)),"")
A59: =IFERROR(INDEX('الموظفون'!$A$3:$A$502,53),"") | B59: =IFERROR(INDEX('الموظفون'!$B$3:$B$502,53),"") | C59: =IFERROR(INDEX('الموظفون'!$J$3:$J$502,53),"") | D59: =IFERROR(INDEX('الموظفون'!$K$3:$K$502,53),"") | E59: =IFERROR(INDEX('الموظفون'!$L$3:$L$502,53),"") | F59: =IFERROR(INDEX('الموظفون'!$N$3:$N$502,53),"") | G59: =IFERROR(INDEX('الموظفون'!$O$3:$O$502,53),"") | H59: =IFERROR(INDEX('الموظفون'!$Q$3:$Q$502,53),"") | I59: =IFERROR(INDEX('الموظفون'!$R$3:$R$502,53),"") | J59: =IFERROR(INDEX('الموظفون'!$S$3:$S$502,53),"") | K59: =IFERROR(INDEX('الموظفون'!$T$3:$T$502,53),"") | L59: =IFERROR(IF(INDEX(الموظفون_الرقم,53)="","",INDEX(الموظفون_الاساسي,53)+INDEX(الموظفون_البدلات,53)),"")
A60: =IFERROR(INDEX('الموظفون'!$A$3:$A$502,54),"") | B60: =IFERROR(INDEX('الموظفون'!$B$3:$B$502,54),"") | C60: =IFERROR(INDEX('الموظفون'!$J$3:$J$502,54),"") | D60: =IFERROR(INDEX('الموظفون'!$K$3:$K$502,54),"") | E60: =IFERROR(INDEX('الموظفون'!$L$3:$L$502,54),"") | F60: =IFERROR(INDEX('الموظفون'!$N$3:$N$502,54),"") | G60: =IFERROR(INDEX('الموظفون'!$O$3:$O$502,54),"") | H60: =IFERROR(INDEX('الموظفون'!$Q$3:$Q$502,54),"") | I60: =IFERROR(INDEX('الموظفون'!$R$3:$R$502,54),"") | J60: =IFERROR(INDEX('الموظفون'!$S$3:$S$502,54),"") | K60: =IFERROR(INDEX('الموظفون'!$T$3:$T$502,54),"") | L60: =IFERROR(IF(INDEX(الموظفون_الرقم,54)="","",INDEX(الموظفون_الاساسي,54)+INDEX(الموظفون_البدلات,54)),"")
A61: =IFERROR(INDEX('الموظفون'!$A$3:$A$502,55),"") | B61: =IFERROR(INDEX('الموظفون'!$B$3:$B$502,55),"") | C61: =IFERROR(INDEX('الموظفون'!$J$3:$J$502,55),"") | D61: =IFERROR(INDEX('الموظفون'!$K$3:$K$502,55),"") | E61: =IFERROR(INDEX('الموظفون'!$L$3:$L$502,55),"") | F61: =IFERROR(INDEX('الموظفون'!$N$3:$N$502,55),"") | G61: =IFERROR(INDEX('الموظفون'!$O$3:$O$502,55),"") | H61: =IFERROR(INDEX('الموظفون'!$Q$3:$Q$502,55),"") | I61: =IFERROR(INDEX('الموظفون'!$R$3:$R$502,55),"") | J61: =IFERROR(INDEX('الموظفون'!$S$3:$S$502,55),"") | K61: =IFERROR(INDEX('الموظفون'!$T$3:$T$502,55),"") | L61: =IFERROR(IF(INDEX(الموظفون_الرقم,55)="","",INDEX(الموظفون_الاساسي,55)+INDEX(الموظفون_البدلات,55)),"")
A62: =IFERROR(INDEX('الموظفون'!$A$3:$A$502,56),"") | B62: =IFERROR(INDEX('الموظفون'!$B$3:$B$502,56),"") | C62: =IFERROR(INDEX('الموظفون'!$J$3:$J$502,56),"") | D62: =IFERROR(INDEX('الموظفون'!$K$3:$K$502,56),"") | E62: =IFERROR(INDEX('الموظفون'!$L$3:$L$502,56),"") | F62: =IFERROR(INDEX('الموظفون'!$N$3:$N$502,56),"") | G62: =IFERROR(INDEX('الموظفون'!$O$3:$O$502,56),"") | H62: =IFERROR(INDEX('الموظفون'!$Q$3:$Q$502,56),"") | I62: =IFERROR(INDEX('الموظفون'!$R$3:$R$502,56),"") | J62: =IFERROR(INDEX('الموظفون'!$S$3:$S$502,56),"") | K62: =IFERROR(INDEX('الموظفون'!$T$3:$T$502,56),"") | L62: =IFERROR(IF(INDEX(الموظفون_الرقم,56)="","",INDEX(الموظفون_الاساسي,56)+INDEX(الموظفون_البدلات,56)),"")
A63: =IFERROR(INDEX('الموظفون'!$A$3:$A$502,57),"") | B63: =IFERROR(INDEX('الموظفون'!$B$3:$B$502,57),"") | C63: =IFERROR(INDEX('الموظفون'!$J$3:$J$502,57),"") | D63: =IFERROR(INDEX('الموظفون'!$K$3:$K$502,57),"") | E63: =IFERROR(INDEX('الموظفون'!$L$3:$L$502,57),"") | F63: =IFERROR(INDEX('الموظفون'!$N$3:$N$502,57),"") | G63: =IFERROR(INDEX('الموظفون'!$O$3:$O$502,57),"") | H63: =IFERROR(INDEX('الموظفون'!$Q$3:$Q$502,57),"") | I63: =IFERROR(INDEX('الموظفون'!$R$3:$R$502,57),"") | J63: =IFERROR(INDEX('الموظفون'!$S$3:$S$502,57),"") | K63: =IFERROR(INDEX('الموظفون'!$T$3:$T$502,57),"") | L63: =IFERROR(IF(INDEX(الموظفون_الرقم,57)="","",INDEX(الموظفون_الاساسي,57)+INDEX(الموظفون_البدلات,57)),"")
A64: =IFERROR(INDEX('الموظفون'!$A$3:$A$502,58),"") | B64: =IFERROR(INDEX('الموظفون'!$B$3:$B$502,58),"") | C64: =IFERROR(INDEX('الموظفون'!$J$3:$J$502,58),"") | D64: =IFERROR(INDEX('الموظفون'!$K$3:$K$502,58),"") | E64: =IFERROR(INDEX('الموظفون'!$L$3:$L$502,58),"") | F64: =IFERROR(INDEX('الموظفون'!$N$3:$N$502,58),"") | G64: =IFERROR(INDEX('الموظفون'!$O$3:$O$502,58),"") | H64: =IFERROR(INDEX('الموظفون'!$Q$3:$Q$502,58),"") | I64: =IFERROR(INDEX('الموظفون'!$R$3:$R$502,58),"") | J64: =IFERROR(INDEX('الموظفون'!$S$3:$S$502,58),"") | K64: =IFERROR(INDEX('الموظفون'!$T$3:$T$502,58),"") | L64: =IFERROR(IF(INDEX(الموظفون_الرقم,58)="","",INDEX(الموظفون_الاساسي,58)+INDEX(الموظفون_البدلات,58)),"")
A65: =IFERROR(INDEX('الموظفون'!$A$3:$A$502,59),"") | B65: =IFERROR(INDEX('الموظفون'!$B$3:$B$502,59),"") | C65: =IFERROR(INDEX('الموظفون'!$J$3:$J$502,59),"") | D65: =IFERROR(INDEX('الموظفون'!$K$3:$K$502,59),"") | E65: =IFERROR(INDEX('الموظفون'!$L$3:$L$502,59),"") | F65: =IFERROR(INDEX('الموظفون'!$N$3:$N$502,59),"") | G65: =IFERROR(INDEX('الموظفون'!$O$3:$O$502,59),"") | H65: =IFERROR(INDEX('الموظفون'!$Q$3:$Q$502,59),"") | I65: =IFERROR(INDEX('الموظفون'!$R$3:$R$502,59),"") | J65: =IFERROR(INDEX('الموظفون'!$S$3:$S$502,59),"") | K65: =IFERROR(INDEX('الموظفون'!$T$3:$T$502,59),"") | L65: =IFERROR(IF(INDEX(الموظفون_الرقم,59)="","",INDEX(الموظفون_الاساسي,59)+INDEX(الموظفون_البدلات,59)),"")
A66: =IFERROR(INDEX('الموظفون'!$A$3:$A$502,60),"") | B66: =IFERROR(INDEX('الموظفون'!$B$3:$B$502,60),"") | C66: =IFERROR(INDEX('الموظفون'!$J$3:$J$502,60),"") | D66: =IFERROR(INDEX('الموظفون'!$K$3:$K$502,60),"") | E66: =IFERROR(INDEX('الموظفون'!$L$3:$L$502,60),"") | F66: =IFERROR(INDEX('الموظفون'!$N$3:$N$502,60),"") | G66: =IFERROR(INDEX('الموظفون'!$O$3:$O$502,60),"") | H66: =IFERROR(INDEX('الموظفون'!$Q$3:$Q$502,60),"") | I66: =IFERROR(INDEX('الموظفون'!$R$3:$R$502,60),"") | J66: =IFERROR(INDEX('الموظفون'!$S$3:$S$502,60),"") | K66: =IFERROR(INDEX('الموظفون'!$T$3:$T$502,60),"") | L66: =IFERROR(IF(INDEX(الموظفون_الرقم,60)="","",INDEX(الموظفون_الاساسي,60)+INDEX(الموظفون_البدلات,60)),"")
A67: =IFERROR(INDEX('الموظفون'!$A$3:$A$502,61),"") | B67: =IFERROR(INDEX('الموظفون'!$B$3:$B$502,61),"") | C67: =IFERROR(INDEX('الموظفون'!$J$3:$J$502,61),"") | D67: =IFERROR(INDEX('الموظفون'!$K$3:$K$502,61),"") | E67: =IFERROR(INDEX('الموظفون'!$L$3:$L$502,61),"") | F67: =IFERROR(INDEX('الموظفون'!$N$3:$N$502,61),"") | G67: =IFERROR(INDEX('الموظفون'!$O$3:$O$502,61),"") | H67: =IFERROR(INDEX('الموظفون'!$Q$3:$Q$502,61),"") | I67: =IFERROR(INDEX('الموظفون'!$R$3:$R$502,61),"") | J67: =IFERROR(INDEX('الموظفون'!$S$3:$S$502,61),"") | K67: =IFERROR(INDEX('الموظفون'!$T$3:$T$502,61),"") | L67: =IFERROR(IF(INDEX(الموظفون_الرقم,61)="","",INDEX(الموظفون_الاساسي,61)+INDEX(الموظفون_البدلات,61)),"")
A68: =IFERROR(INDEX('الموظفون'!$A$3:$A$502,62),"") | B68: =IFERROR(INDEX('الموظفون'!$B$3:$B$502,62),"") | C68: =IFERROR(INDEX('الموظفون'!$J$3:$J$502,62),"") | D68: =IFERROR(INDEX('الموظفون'!$K$3:$K$502,62),"") | E68: =IFERROR(INDEX('الموظفون'!$L$3:$L$502,62),"") | F68: =IFERROR(INDEX('الموظفون'!$N$3:$N$502,62),"") | G68: =IFERROR(INDEX('الموظفون'!$O$3:$O$502,62),"") | H68: =IFERROR(INDEX('الموظفون'!$Q$3:$Q$502,62),"") | I68: =IFERROR(INDEX('الموظفون'!$R$3:$R$502,62),"") | J68: =IFERROR(INDEX('الموظفون'!$S$3:$S$502,62),"") | K68: =IFERROR(INDEX('الموظفون'!$T$3:$T$502,62),"") | L68: =IFERROR(IF(INDEX(الموظفون_الرقم,62)="","",INDEX(الموظفون_الاساسي,62)+INDEX(الموظفون_البدلات,62)),"")
A69: =IFERROR(INDEX('الموظفون'!$A$3:$A$502,63),"") | B69: =IFERROR(INDEX('الموظفون'!$B$3:$B$502,63),"") | C69: =IFERROR(INDEX('الموظفون'!$J$3:$J$502,63),"") | D69: =IFERROR(INDEX('الموظفون'!$K$3:$K$502,63),"") | E69: =IFERROR(INDEX('الموظفون'!$L$3:$L$502,63),"") | F69: =IFERROR(INDEX('الموظفون'!$N$3:$N$502,63),"") | G69: =IFERROR(INDEX('الموظفون'!$O$3:$O$502,63),"") | H69: =IFERROR(INDEX('الموظفون'!$Q$3:$Q$502,63),"") | I69: =IFERROR(INDEX('الموظفون'!$R$3:$R$502,63),"") | J69: =IFERROR(INDEX('الموظفون'!$S$3:$S$502,63),"") | K69: =IFERROR(INDEX('الموظفون'!$T$3:$T$502,63),"") | L69: =IFERROR(IF(INDEX(الموظفون_الرقم,63)="","",INDEX(الموظفون_الاساسي,63)+INDEX(الموظفون_البدلات,63)),"")
A70: =IFERROR(INDEX('الموظفون'!$A$3:$A$502,64),"") | B70: =IFERROR(INDEX('الموظفون'!$B$3:$B$502,64),"") | C70: =IFERROR(INDEX('الموظفون'!$J$3:$J$502,64),"") | D70: =IFERROR(INDEX('الموظفون'!$K$3:$K$502,64),"") | E70: =IFERROR(INDEX('الموظفون'!$L$3:$L$502,64),"") | F70: =IFERROR(INDEX('الموظفون'!$N$3:$N$502,64),"") | G70: =IFERROR(INDEX('الموظفون'!$O$3:$O$502,64),"") | H70: =IFERROR(INDEX('الموظفون'!$Q$3:$Q$502,64),"") | I70: =IFERROR(INDEX('الموظفون'!$R$3:$R$502,64),"") | J70: =IFERROR(INDEX('الموظفون'!$S$3:$S$502,64),"") | K70: =IFERROR(INDEX('الموظفون'!$T$3:$T$502,64),"") | L70: =IFERROR(IF(INDEX(الموظفون_الرقم,64)="","",INDEX(الموظفون_الاساسي,64)+INDEX(الموظفون_البدلات,64)),"")
A71: =IFERROR(INDEX('الموظفون'!$A$3:$A$502,65),"") | B71: =IFERROR(INDEX('الموظفون'!$B$3:$B$502,65),"") | C71: =IFERROR(INDEX('الموظفون'!$J$3:$J$502,65),"") | D71: =IFERROR(INDEX('الموظفون'!$K$3:$K$502,65),"") | E71: =IFERROR(INDEX('الموظفون'!$L$3:$L$502,65),"") | F71: =IFERROR(INDEX('الموظفون'!$N$3:$N$502,65),"") | G71: =IFERROR(INDEX('الموظفون'!$O$3:$O$502,65),"") | H71: =IFERROR(INDEX('الموظفون'!$Q$3:$Q$502,65),"") | I71: =IFERROR(INDEX('الموظفون'!$R$3:$R$502,65),"") | J71: =IFERROR(INDEX('الموظفون'!$S$3:$S$502,65),"") | K71: =IFERROR(INDEX('الموظفون'!$T$3:$T$502,65),"") | L71: =IFERROR(IF(INDEX(الموظفون_الرقم,65)="","",INDEX(الموظفون_الاساسي,65)+INDEX(الموظفون_البدلات,65)),"")
A72: =IFERROR(INDEX('الموظفون'!$A$3:$A$502,66),"") | B72: =IFERROR(INDEX('الموظفون'!$B$3:$B$502,66),"") | C72: =IFERROR(INDEX('الموظفون'!$J$3:$J$502,66),"") | D72: =IFERROR(INDEX('الموظفون'!$K$3:$K$502,66),"") | E72: =IFERROR(INDEX('الموظفون'!$L$3:$L$502,66),"") | F72: =IFERROR(INDEX('الموظفون'!$N$3:$N$502,66),"") | G72: =IFERROR(INDEX('الموظفون'!$O$3:$O$502,66),"") | H72: =IFERROR(INDEX('الموظفون'!$Q$3:$Q$502,66),"") | I72: =IFERROR(INDEX('الموظفون'!$R$3:$R$502,66),"") | J72: =IFERROR(INDEX('الموظفون'!$S$3:$S$502,66),"") | K72: =IFERROR(INDEX('الموظفون'!$T$3:$T$502,66),"") | L72: =IFERROR(IF(INDEX(الموظفون_الرقم,66)="","",INDEX(الموظفون_الاساسي,66)+INDEX(الموظفون_البدلات,66)),"")
A73: =IFERROR(INDEX('الموظفون'!$A$3:$A$502,67),"") | B73: =IFERROR(INDEX('الموظفون'!$B$3:$B$502,67),"") | C73: =IFERROR(INDEX('الموظفون'!$J$3:$J$502,67),"") | D73: =IFERROR(INDEX('الموظفون'!$K$3:$K$502,67),"") | E73: =IFERROR(INDEX('الموظفون'!$L$3:$L$502,67),"") | F73: =IFERROR(INDEX('الموظفون'!$N$3:$N$502,67),"") | G73: =IFERROR(INDEX('الموظفون'!$O$3:$O$502,67),"") | H73: =IFERROR(INDEX('الموظفون'!$Q$3:$Q$502,67),"") | I73: =IFERROR(INDEX('الموظفون'!$R$3:$R$502,67),"") | J73: =IFERROR(INDEX('الموظفون'!$S$3:$S$502,67),"") | K73: =IFERROR(INDEX('الموظفون'!$T$3:$T$502,67),"") | L73: =IFERROR(IF(INDEX(الموظفون_الرقم,67)="","",INDEX(الموظفون_الاساسي,67)+INDEX(الموظفون_البدلات,67)),"")
A74: =IFERROR(INDEX('الموظفون'!$A$3:$A$502,68),"") | B74: =IFERROR(INDEX('الموظفون'!$B$3:$B$502,68),"") | C74: =IFERROR(INDEX('الموظفون'!$J$3:$J$502,68),"") | D74: =IFERROR(INDEX('الموظفون'!$K$3:$K$502,68),"") | E74: =IFERROR(INDEX('الموظفون'!$L$3:$L$502,68),"") | F74: =IFERROR(INDEX('الموظفون'!$N$3:$N$502,68),"") | G74: =IFERROR(INDEX('الموظفون'!$O$3:$O$502,68),"") | H74: =IFERROR(INDEX('الموظفون'!$Q$3:$Q$502,68),"") | I74: =IFERROR(INDEX('الموظفون'!$R$3:$R$502,68),"") | J74: =IFERROR(INDEX('الموظفون'!$S$3:$S$502,68),"") | K74: =IFERROR(INDEX('الموظفون'!$T$3:$T$502,68),"") | L74: =IFERROR(IF(INDEX(الموظفون_الرقم,68)="","",INDEX(الموظفون_الاساسي,68)+INDEX(الموظفون_البدلات,68)),"")
A75: =IFERROR(INDEX('الموظفون'!$A$3:$A$502,69),"") | B75: =IFERROR(INDEX('الموظفون'!$B$3:$B$502,69),"") | C75: =IFERROR(INDEX('الموظفون'!$J$3:$J$502,69),"") | D75: =IFERROR(INDEX('الموظفون'!$K$3:$K$502,69),"") | E75: =IFERROR(INDEX('الموظفون'!$L$3:$L$502,69),"") | F75: =IFERROR(INDEX('الموظفون'!$N$3:$N$502,69),"") | G75: =IFERROR(INDEX('الموظفون'!$O$3:$O$502,69),"") | H75: =IFERROR(INDEX('الموظفون'!$Q$3:$Q$502,69),"") | I75: =IFERROR(INDEX('الموظفون'!$R$3:$R$502,69),"") | J75: =IFERROR(INDEX('الموظفون'!$S$3:$S$502,69),"") | K75: =IFERROR(INDEX('الموظفون'!$T$3:$T$502,69),"") | L75: =IFERROR(IF(INDEX(الموظفون_الرقم,69)="","",INDEX(الموظفون_الاساسي,69)+INDEX(الموظفون_البدلات,69)),"")
A76: =IFERROR(INDEX('الموظفون'!$A$3:$A$502,70),"") | B76: =IFERROR(INDEX('الموظفون'!$B$3:$B$502,70),"") | C76: =IFERROR(INDEX('الموظفون'!$J$3:$J$502,70),"") | D76: =IFERROR(INDEX('الموظفون'!$K$3:$K$502,70),"") | E76: =IFERROR(INDEX('الموظفون'!$L$3:$L$502,70),"") | F76: =IFERROR(INDEX('الموظفون'!$N$3:$N$502,70),"") | G76: =IFERROR(INDEX('الموظفون'!$O$3:$O$502,70),"") | H76: =IFERROR(INDEX('الموظفون'!$Q$3:$Q$502,70),"") | I76: =IFERROR(INDEX('الموظفون'!$R$3:$R$502,70),"") | J76: =IFERROR(INDEX('الموظفون'!$S$3:$S$502,70),"") | K76: =IFERROR(INDEX('الموظفون'!$T$3:$T$502,70),"") | L76: =IFERROR(IF(INDEX(الموظفون_الرقم,70)="","",INDEX(الموظفون_الاساسي,70)+INDEX(الموظفون_البدلات,70)),"")
A77: =IFERROR(INDEX('الموظفون'!$A$3:$A$502,71),"") | B77: =IFERROR(INDEX('الموظفون'!$B$3:$B$502,71),"") | C77: =IFERROR(INDEX('الموظفون'!$J$3:$J$502,71),"") | D77: =IFERROR(INDEX('الموظفون'!$K$3:$K$502,71),"") | E77: =IFERROR(INDEX('الموظفون'!$L$3:$L$502,71),"") | F77: =IFERROR(INDEX('الموظفون'!$N$3:$N$502,71),"") | G77: =IFERROR(INDEX('الموظفون'!$O$3:$O$502,71),"") | H77: =IFERROR(INDEX('الموظفون'!$Q$3:$Q$502,71),"") | I77: =IFERROR(INDEX('الموظفون'!$R$3:$R$502,71),"") | J77: =IFERROR(INDEX('الموظفون'!$S$3:$S$502,71),"") | K77: =IFERROR(INDEX('الموظفون'!$T$3:$T$502,71),"") | L77: =IFERROR(IF(INDEX(الموظفون_الرقم,71)="","",INDEX(الموظفون_الاساسي,71)+INDEX(الموظفون_البدلات,71)),"")
A78: =IFERROR(INDEX('الموظفون'!$A$3:$A$502,72),"") | B78: =IFERROR(INDEX('الموظفون'!$B$3:$B$502,72),"") | C78: =IFERROR(INDEX('الموظفون'!$J$3:$J$502,72),"") | D78: =IFERROR(INDEX('الموظفون'!$K$3:$K$502,72),"") | E78: =IFERROR(INDEX('الموظفون'!$L$3:$L$502,72),"") | F78: =IFERROR(INDEX('الموظفون'!$N$3:$N$502,72),"") | G78: =IFERROR(INDEX('الموظفون'!$O$3:$O$502,72),"") | H78: =IFERROR(INDEX('الموظفون'!$Q$3:$Q$502,72),"") | I78: =IFERROR(INDEX('الموظفون'!$R$3:$R$502,72),"") | J78: =IFERROR(INDEX('الموظفون'!$S$3:$S$502,72),"") | K78: =IFERROR(INDEX('الموظفون'!$T$3:$T$502,72),"") | L78: =IFERROR(IF(INDEX(الموظفون_الرقم,72)="","",INDEX(الموظفون_الاساسي,72)+INDEX(الموظفون_البدلات,72)),"")
A79: =IFERROR(INDEX('الموظفون'!$A$3:$A$502,73),"") | B79: =IFERROR(INDEX('الموظفون'!$B$3:$B$502,73),"") | C79: =IFERROR(INDEX('الموظفون'!$J$3:$J$502,73),"") | D79: =IFERROR(INDEX('الموظفون'!$K$3:$K$502,73),"") | E79: =IFERROR(INDEX('الموظفون'!$L$3:$L$502,73),"") | F79: =IFERROR(INDEX('الموظفون'!$N$3:$N$502,73),"") | G79: =IFERROR(INDEX('الموظفون'!$O$3:$O$502,73),"") | H79: =IFERROR(INDEX('الموظفون'!$Q$3:$Q$502,73),"") | I79: =IFERROR(INDEX('الموظفون'!$R$3:$R$502,73),"") | J79: =IFERROR(INDEX('الموظفون'!$S$3:$S$502,73),"") | K79: =IFERROR(INDEX('الموظفون'!$T$3:$T$502,73),"") | L79: =IFERROR(IF(INDEX(الموظفون_الرقم,73)="","",INDEX(الموظفون_الاساسي,73)+INDEX(الموظفون_البدلات,73)),"")
A80: =IFERROR(INDEX('الموظفون'!$A$3:$A$502,74),"") | B80: =IFERROR(INDEX('الموظفون'!$B$3:$B$502,74),"") | C80: =IFERROR(INDEX('الموظفون'!$J$3:$J$502,74),"") | D80: =IFERROR(INDEX('الموظفون'!$K$3:$K$502,74),"") | E80: =IFERROR(INDEX('الموظفون'!$L$3:$L$502,74),"") | F80: =IFERROR(INDEX('الموظفون'!$N$3:$N$502,74),"") | G80: =IFERROR(INDEX('الموظفون'!$O$3:$O$502,74),"") | H80: =IFERROR(INDEX('الموظفون'!$Q$3:$Q$502,74),"") | I80: =IFERROR(INDEX('الموظفون'!$R$3:$R$502,74),"") | J80: =IFERROR(INDEX('الموظفون'!$S$3:$S$502,74),"") | K80: =IFERROR(INDEX('الموظفون'!$T$3:$T$502,74),"") | L80: =IFERROR(IF(INDEX(الموظفون_الرقم,74)="","",INDEX(الموظفون_الاساسي,74)+INDEX(الموظفون_البدلات,74)),"")
A81: =IFERROR(INDEX('الموظفون'!$A$3:$A$502,75),"") | B81: =IFERROR(INDEX('الموظفون'!$B$3:$B$502,75),"") | C81: =IFERROR(INDEX('الموظفون'!$J$3:$J$502,75),"") | D81: =IFERROR(INDEX('الموظفون'!$K$3:$K$502,75),"") | E81: =IFERROR(INDEX('الموظفون'!$L$3:$L$502,75),"") | F81: =IFERROR(INDEX('الموظفون'!$N$3:$N$502,75),"") | G81: =IFERROR(INDEX('الموظفون'!$O$3:$O$502,75),"") | H81: =IFERROR(INDEX('الموظفون'!$Q$3:$Q$502,75),"") | I81: =IFERROR(INDEX('الموظفون'!$R$3:$R$502,75),"") | J81: =IFERROR(INDEX('الموظفون'!$S$3:$S$502,75),"") | K81: =IFERROR(INDEX('الموظفون'!$T$3:$T$502,75),"") | L81: =IFERROR(IF(INDEX(الموظفون_الرقم,75)="","",INDEX(الموظفون_الاساسي,75)+INDEX(الموظفون_البدلات,75)),"")
A82: =IFERROR(INDEX('الموظفون'!$A$3:$A$502,76),"") | B82: =IFERROR(INDEX('الموظفون'!$B$3:$B$502,76),"") | C82: =IFERROR(INDEX('الموظفون'!$J$3:$J$502,76),"") | D82: =IFERROR(INDEX('الموظفون'!$K$3:$K$502,76),"") | E82: =IFERROR(INDEX('الموظفون'!$L$3:$L$502,76),"") | F82: =IFERROR(INDEX('الموظفون'!$N$3:$N$502,76),"") | G82: =IFERROR(INDEX('الموظفون'!$O$3:$O$502,76),"") | H82: =IFERROR(INDEX('الموظفون'!$Q$3:$Q$502,76),"") | I82: =IFERROR(INDEX('الموظفون'!$R$3:$R$502,76),"") | J82: =IFERROR(INDEX('الموظفون'!$S$3:$S$502,76),"") | K82: =IFERROR(INDEX('الموظفون'!$T$3:$T$502,76),"") | L82: =IFERROR(IF(INDEX(الموظفون_الرقم,76)="","",INDEX(الموظفون_الاساسي,76)+INDEX(الموظفون_البدلات,76)),"")
A83: =IFERROR(INDEX('الموظفون'!$A$3:$A$502,77),"") | B83: =IFERROR(INDEX('الموظفون'!$B$3:$B$502,77),"") | C83: =IFERROR(INDEX('الموظفون'!$J$3:$J$502,77),"") | D83: =IFERROR(INDEX('الموظفون'!$K$3:$K$502,77),"") | E83: =IFERROR(INDEX('الموظفون'!$L$3:$L$502,77),"") | F83: =IFERROR(INDEX('الموظفون'!$N$3:$N$502,77),"") | G83: =IFERROR(INDEX('الموظفون'!$O$3:$O$502,77),"") | H83: =IFERROR(INDEX('الموظفون'!$Q$3:$Q$502,77),"") | I83: =IFERROR(INDEX('الموظفون'!$R$3:$R$502,77),"") | J83: =IFERROR(INDEX('الموظفون'!$S$3:$S$502,77),"") | K83: =IFERROR(INDEX('الموظفون'!$T$3:$T$502,77),"") | L83: =IFERROR(IF(INDEX(الموظفون_الرقم,77)="","",INDEX(الموظفون_الاساسي,77)+INDEX(الموظفون_البدلات,77)),"")
A84: =IFERROR(INDEX('الموظفون'!$A$3:$A$502,78),"") | B84: =IFERROR(INDEX('الموظفون'!$B$3:$B$502,78),"") | C84: =IFERROR(INDEX('الموظفون'!$J$3:$J$502,78),"") | D84: =IFERROR(INDEX('الموظفون'!$K$3:$K$502,78),"") | E84: =IFERROR(INDEX('الموظفون'!$L$3:$L$502,78),"") | F84: =IFERROR(INDEX('الموظفون'!$N$3:$N$502,78),"") | G84: =IFERROR(INDEX('الموظفون'!$O$3:$O$502,78),"") | H84: =IFERROR(INDEX('الموظفون'!$Q$3:$Q$502,78),"") | I84: =IFERROR(INDEX('الموظفون'!$R$3:$R$502,78),"") | J84: =IFERROR(INDEX('الموظفون'!$S$3:$S$502,78),"") | K84: =IFERROR(INDEX('الموظفون'!$T$3:$T$502,78),"") | L84: =IFERROR(IF(INDEX(الموظفون_الرقم,78)="","",INDEX(الموظفون_الاساسي,78)+INDEX(الموظفون_البدلات,78)),"")
A85: =IFERROR(INDEX('الموظفون'!$A$3:$A$502,79),"") | B85: =IFERROR(INDEX('الموظفون'!$B$3:$B$502,79),"") | C85: =IFERROR(INDEX('الموظفون'!$J$3:$J$502,79),"") | D85: =IFERROR(INDEX('الموظفون'!$K$3:$K$502,79),"") | E85: =IFERROR(INDEX('الموظفون'!$L$3:$L$502,79),"") | F85: =IFERROR(INDEX('الموظفون'!$N$3:$N$502,79),"") | G85: =IFERROR(INDEX('الموظفون'!$O$3:$O$502,79),"") | H85: =IFERROR(INDEX('الموظفون'!$Q$3:$Q$502,79),"") | I85: =IFERROR(INDEX('الموظفون'!$R$3:$R$502,79),"") | J85: =IFERROR(INDEX('الموظفون'!$S$3:$S$502,79),"") | K85: =IFERROR(INDEX('الموظفون'!$T$3:$T$502,79),"") | L85: =IFERROR(IF(INDEX(الموظفون_الرقم,79)="","",INDEX(الموظفون_الاساسي,79)+INDEX(الموظفون_البدلات,79)),"")
A86: =IFERROR(INDEX('الموظفون'!$A$3:$A$502,80),"") | B86: =IFERROR(INDEX('الموظفون'!$B$3:$B$502,80),"") | C86: =IFERROR(INDEX('الموظفون'!$J$3:$J$502,80),"") | D86: =IFERROR(INDEX('الموظفون'!$K$3:$K$502,80),"") | E86: =IFERROR(INDEX('الموظفون'!$L$3:$L$502,80),"") | F86: =IFERROR(INDEX('الموظفون'!$N$3:$N$502,80),"") | G86: =IFERROR(INDEX('الموظفون'!$O$3:$O$502,80),"") | H86: =IFERROR(INDEX('الموظفون'!$Q$3:$Q$502,80),"") | I86: =IFERROR(INDEX('الموظفون'!$R$3:$R$502,80),"") | J86: =IFERROR(INDEX('الموظفون'!$S$3:$S$502,80),"") | K86: =IFERROR(INDEX('الموظفون'!$T$3:$T$502,80),"") | L86: =IFERROR(IF(INDEX(الموظفون_الرقم,80)="","",INDEX(الموظفون_الاساسي,80)+INDEX(الموظفون_البدلات,80)),"")
A87: =IFERROR(INDEX('الموظفون'!$A$3:$A$502,81),"") | B87: =IFERROR(INDEX('الموظفون'!$B$3:$B$502,81),"") | C87: =IFERROR(INDEX('الموظفون'!$J$3:$J$502,81),"") | D87: =IFERROR(INDEX('الموظفون'!$K$3:$K$502,81),"") | E87: =IFERROR(INDEX('الموظفون'!$L$3:$L$502,81),"") | F87: =IFERROR(INDEX('الموظفون'!$N$3:$N$502,81),"") | G87: =IFERROR(INDEX('الموظفون'!$O$3:$O$502,81),"") | H87: =IFERROR(INDEX('الموظفون'!$Q$3:$Q$502,81),"") | I87: =IFERROR(INDEX('الموظفون'!$R$3:$R$502,81),"") | J87: =IFERROR(INDEX('الموظفون'!$S$3:$S$502,81),"") | K87: =IFERROR(INDEX('الموظفون'!$T$3:$T$502,81),"") | L87: =IFERROR(IF(INDEX(الموظفون_الرقم,81)="","",INDEX(الموظفون_الاساسي,81)+INDEX(الموظفون_البدلات,81)),"")
A88: =IFERROR(INDEX('الموظفون'!$A$3:$A$502,82),"") | B88: =IFERROR(INDEX('الموظفون'!$B$3:$B$502,82),"") | C88: =IFERROR(INDEX('الموظفون'!$J$3:$J$502,82),"") | D88: =IFERROR(INDEX('الموظفون'!$K$3:$K$502,82),"") | E88: =IFERROR(INDEX('الموظفون'!$L$3:$L$502,82),"") | F88: =IFERROR(INDEX('الموظفون'!$N$3:$N$502,82),"") | G88: =IFERROR(INDEX('الموظفون'!$O$3:$O$502,82),"") | H88: =IFERROR(INDEX('الموظفون'!$Q$3:$Q$502,82),"") | I88: =IFERROR(INDEX('الموظفون'!$R$3:$R$502,82),"") | J88: =IFERROR(INDEX('الموظفون'!$S$3:$S$502,82),"") | K88: =IFERROR(INDEX('الموظفون'!$T$3:$T$502,82),"") | L88: =IFERROR(IF(INDEX(الموظفون_الرقم,82)="","",INDEX(الموظفون_الاساسي,82)+INDEX(الموظفون_البدلات,82)),"")
A89: =IFERROR(INDEX('الموظفون'!$A$3:$A$502,83),"") | B89: =IFERROR(INDEX('الموظفون'!$B$3:$B$502,83),"") | C89: =IFERROR(INDEX('الموظفون'!$J$3:$J$502,83),"") | D89: =IFERROR(INDEX('الموظفون'!$K$3:$K$502,83),"") | E89: =IFERROR(INDEX('الموظفون'!$L$3:$L$502,83),"") | F89: =IFERROR(INDEX('الموظفون'!$N$3:$N$502,83),"") | G89: =IFERROR(INDEX('الموظفون'!$O$3:$O$502,83),"") | H89: =IFERROR(INDEX('الموظفون'!$Q$3:$Q$502,83),"") | I89: =IFERROR(INDEX('الموظفون'!$R$3:$R$502,83),"") | J89: =IFERROR(INDEX('الموظفون'!$S$3:$S$502,83),"") | K89: =IFERROR(INDEX('الموظفون'!$T$3:$T$502,83),"") | L89: =IFERROR(IF(INDEX(الموظفون_الرقم,83)="","",INDEX(الموظفون_الاساسي,83)+INDEX(الموظفون_البدلات,83)),"")
A90: =IFERROR(INDEX('الموظفون'!$A$3:$A$502,84),"") | B90: =IFERROR(INDEX('الموظفون'!$B$3:$B$502,84),"") | C90: =IFERROR(INDEX('الموظفون'!$J$3:$J$502,84),"") | D90: =IFERROR(INDEX('الموظفون'!$K$3:$K$502,84),"") | E90: =IFERROR(INDEX('الموظفون'!$L$3:$L$502,84),"") | F90: =IFERROR(INDEX('الموظفون'!$N$3:$N$502,84),"") | G90: =IFERROR(INDEX('الموظفون'!$O$3:$O$502,84),"") | H90: =IFERROR(INDEX('الموظفون'!$Q$3:$Q$502,84),"") | I90: =IFERROR(INDEX('الموظفون'!$R$3:$R$502,84),"") | J90: =IFERROR(INDEX('الموظفون'!$S$3:$S$502,84),"") | K90: =IFERROR(INDEX('الموظفون'!$T$3:$T$502,84),"") | L90: =IFERROR(IF(INDEX(الموظفون_الرقم,84)="","",INDEX(الموظفون_الاساسي,84)+INDEX(الموظفون_البدلات,84)),"")
A91: =IFERROR(INDEX('الموظفون'!$A$3:$A$502,85),"") | B91: =IFERROR(INDEX('الموظفون'!$B$3:$B$502,85),"") | C91: =IFERROR(INDEX('الموظفون'!$J$3:$J$502,85),"") | D91: =IFERROR(INDEX('الموظفون'!$K$3:$K$502,85),"") | E91: =IFERROR(INDEX('الموظفون'!$L$3:$L$502,85),"") | F91: =IFERROR(INDEX('الموظفون'!$N$3:$N$502,85),"") | G91: =IFERROR(INDEX('الموظفون'!$O$3:$O$502,85),"") | H91: =IFERROR(INDEX('الموظفون'!$Q$3:$Q$502,85),"") | I91: =IFERROR(INDEX('الموظفون'!$R$3:$R$502,85),"") | J91: =IFERROR(INDEX('الموظفون'!$S$3:$S$502,85),"") | K91: =IFERROR(INDEX('الموظفون'!$T$3:$T$502,85),"") | L91: =IFERROR(IF(INDEX(الموظفون_الرقم,85)="","",INDEX(الموظفون_الاساسي,85)+INDEX(الموظفون_البدلات,85)),"")
A92: =IFERROR(INDEX('الموظفون'!$A$3:$A$502,86),"") | B92: =IFERROR(INDEX('الموظفون'!$B$3:$B$502,86),"") | C92: =IFERROR(INDEX('الموظفون'!$J$3:$J$502,86),"") | D92: =IFERROR(INDEX('الموظفون'!$K$3:$K$502,86),"") | E92: =IFERROR(INDEX('الموظفون'!$L$3:$L$502,86),"") | F92: =IFERROR(INDEX('الموظفون'!$N$3:$N$502,86),"") | G92: =IFERROR(INDEX('الموظفون'!$O$3:$O$502,86),"") | H92: =IFERROR(INDEX('الموظفون'!$Q$3:$Q$502,86),"") | I92: =IFERROR(INDEX('الموظفون'!$R$3:$R$502,86),"") | J92: =IFERROR(INDEX('الموظفون'!$S$3:$S$502,86),"") | K92: =IFERROR(INDEX('الموظفون'!$T$3:$T$502,86),"") | L92: =IFERROR(IF(INDEX(الموظفون_الرقم,86)="","",INDEX(الموظفون_الاساسي,86)+INDEX(الموظفون_البدلات,86)),"")
A93: =IFERROR(INDEX('الموظفون'!$A$3:$A$502,87),"") | B93: =IFERROR(INDEX('الموظفون'!$B$3:$B$502,87),"") | C93: =IFERROR(INDEX('الموظفون'!$J$3:$J$502,87),"") | D93: =IFERROR(INDEX('الموظفون'!$K$3:$K$502,87),"") | E93: =IFERROR(INDEX('الموظفون'!$L$3:$L$502,87),"") | F93: =IFERROR(INDEX('الموظفون'!$N$3:$N$502,87),"") | G93: =IFERROR(INDEX('الموظفون'!$O$3:$O$502,87),"") | H93: =IFERROR(INDEX('الموظفون'!$Q$3:$Q$502,87),"") | I93: =IFERROR(INDEX('الموظفون'!$R$3:$R$502,87),"") | J93: =IFERROR(INDEX('الموظفون'!$S$3:$S$502,87),"") | K93: =IFERROR(INDEX('الموظفون'!$T$3:$T$502,87),"") | L93: =IFERROR(IF(INDEX(الموظفون_الرقم,87)="","",INDEX(الموظفون_الاساسي,87)+INDEX(الموظفون_البدلات,87)),"")
A94: =IFERROR(INDEX('الموظفون'!$A$3:$A$502,88),"") | B94: =IFERROR(INDEX('الموظفون'!$B$3:$B$502,88),"") | C94: =IFERROR(INDEX('الموظفون'!$J$3:$J$502,88),"") | D94: =IFERROR(INDEX('الموظفون'!$K$3:$K$502,88),"") | E94: =IFERROR(INDEX('الموظفون'!$L$3:$L$502,88),"") | F94: =IFERROR(INDEX('الموظفون'!$N$3:$N$502,88),"") | G94: =IFERROR(INDEX('الموظفون'!$O$3:$O$502,88),"") | H94: =IFERROR(INDEX('الموظفون'!$Q$3:$Q$502,88),"") | I94: =IFERROR(INDEX('الموظفون'!$R$3:$R$502,88),"") | J94: =IFERROR(INDEX('الموظفون'!$S$3:$S$502,88),"") | K94: =IFERROR(INDEX('الموظفون'!$T$3:$T$502,88),"") | L94: =IFERROR(IF(INDEX(الموظفون_الرقم,88)="","",INDEX(الموظفون_الاساسي,88)+INDEX(الموظفون_البدلات,88)),"")
A95: =IFERROR(INDEX('الموظفون'!$A$3:$A$502,89),"") | B95: =IFERROR(INDEX('الموظفون'!$B$3:$B$502,89),"") | C95: =IFERROR(INDEX('الموظفون'!$J$3:$J$502,89),"") | D95: =IFERROR(INDEX('الموظفون'!$K$3:$K$502,89),"") | E95: =IFERROR(INDEX('الموظفون'!$L$3:$L$502,89),"") | F95: =IFERROR(INDEX('الموظفون'!$N$3:$N$502,89),"") | G95: =IFERROR(INDEX('الموظفون'!$O$3:$O$502,89),"") | H95: =IFERROR(INDEX('الموظفون'!$Q$3:$Q$502,89),"") | I95: =IFERROR(INDEX('الموظفون'!$R$3:$R$502,89),"") | J95: =IFERROR(INDEX('الموظفون'!$S$3:$S$502,89),"") | K95: =IFERROR(INDEX('الموظفون'!$T$3:$T$502,89),"") | L95: =IFERROR(IF(INDEX(الموظفون_الرقم,89)="","",INDEX(الموظفون_الاساسي,89)+INDEX(الموظفون_البدلات,89)),"")
A96: =IFERROR(INDEX('الموظفون'!$A$3:$A$502,90),"") | B96: =IFERROR(INDEX('الموظفون'!$B$3:$B$502,90),"") | C96: =IFERROR(INDEX('الموظفون'!$J$3:$J$502,90),"") | D96: =IFERROR(INDEX('الموظفون'!$K$3:$K$502,90),"") | E96: =IFERROR(INDEX('الموظفون'!$L$3:$L$502,90),"") | F96: =IFERROR(INDEX('الموظفون'!$N$3:$N$502,90),"") | G96: =IFERROR(INDEX('الموظفون'!$O$3:$O$502,90),"") | H96: =IFERROR(INDEX('الموظفون'!$Q$3:$Q$502,90),"") | I96: =IFERROR(INDEX('الموظفون'!$R$3:$R$502,90),"") | J96: =IFERROR(INDEX('الموظفون'!$S$3:$S$502,90),"") | K96: =IFERROR(INDEX('الموظفون'!$T$3:$T$502,90),"") | L96: =IFERROR(IF(INDEX(الموظفون_الرقم,90)="","",INDEX(الموظفون_الاساسي,90)+INDEX(الموظفون_البدلات,90)),"")
A97: =IFERROR(INDEX('الموظفون'!$A$3:$A$502,91),"") | B97: =IFERROR(INDEX('الموظفون'!$B$3:$B$502,91),"") | C97: =IFERROR(INDEX('الموظفون'!$J$3:$J$502,91),"") | D97: =IFERROR(INDEX('الموظفون'!$K$3:$K$502,91),"") | E97: =IFERROR(INDEX('الموظفون'!$L$3:$L$502,91),"") | F97: =IFERROR(INDEX('الموظفون'!$N$3:$N$502,91),"") | G97: =IFERROR(INDEX('الموظفون'!$O$3:$O$502,91),"") | H97: =IFERROR(INDEX('الموظفون'!$Q$3:$Q$502,91),"") | I97: =IFERROR(INDEX('الموظفون'!$R$3:$R$502,91),"") | J97: =IFERROR(INDEX('الموظفون'!$S$3:$S$502,91),"") | K97: =IFERROR(INDEX('الموظفون'!$T$3:$T$502,91),"") | L97: =IFERROR(IF(INDEX(الموظفون_الرقم,91)="","",INDEX(الموظفون_الاساسي,91)+INDEX(الموظفون_البدلات,91)),"")
A98: =IFERROR(INDEX('الموظفون'!$A$3:$A$502,92),"") | B98: =IFERROR(INDEX('الموظفون'!$B$3:$B$502,92),"") | C98: =IFERROR(INDEX('الموظفون'!$J$3:$J$502,92),"") | D98: =IFERROR(INDEX('الموظفون'!$K$3:$K$502,92),"") | E98: =IFERROR(INDEX('الموظفون'!$L$3:$L$502,92),"") | F98: =IFERROR(INDEX('الموظفون'!$N$3:$N$502,92),"") | G98: =IFERROR(INDEX('الموظفون'!$O$3:$O$502,92),"") | H98: =IFERROR(INDEX('الموظفون'!$Q$3:$Q$502,92),"") | I98: =IFERROR(INDEX('الموظفون'!$R$3:$R$502,92),"") | J98: =IFERROR(INDEX('الموظفون'!$S$3:$S$502,92),"") | K98: =IFERROR(INDEX('الموظفون'!$T$3:$T$502,92),"") | L98: =IFERROR(IF(INDEX(الموظفون_الرقم,92)="","",INDEX(الموظفون_الاساسي,92)+INDEX(الموظفون_البدلات,92)),"")
A99: =IFERROR(INDEX('الموظفون'!$A$3:$A$502,93),"") | B99: =IFERROR(INDEX('الموظفون'!$B$3:$B$502,93),"") | C99: =IFERROR(INDEX('الموظفون'!$J$3:$J$502,93),"") | D99: =IFERROR(INDEX('الموظفون'!$K$3:$K$502,93),"") | E99: =IFERROR(INDEX('الموظفون'!$L$3:$L$502,93),"") | F99: =IFERROR(INDEX('الموظفون'!$N$3:$N$502,93),"") | G99: =IFERROR(INDEX('الموظفون'!$O$3:$O$502,93),"") | H99: =IFERROR(INDEX('الموظفون'!$Q$3:$Q$502,93),"") | I99: =IFERROR(INDEX('الموظفون'!$R$3:$R$502,93),"") | J99: =IFERROR(INDEX('الموظفون'!$S$3:$S$502,93),"") | K99: =IFERROR(INDEX('الموظفون'!$T$3:$T$502,93),"") | L99: =IFERROR(IF(INDEX(الموظفون_الرقم,93)="","",INDEX(الموظفون_الاساسي,93)+INDEX(الموظفون_البدلات,93)),"")
A100: =IFERROR(INDEX('الموظفون'!$A$3:$A$502,94),"") | B100: =IFERROR(INDEX('الموظفون'!$B$3:$B$502,94),"") | C100: =IFERROR(INDEX('الموظفون'!$J$3:$J$502,94),"") | D100: =IFERROR(INDEX('الموظفون'!$K$3:$K$502,94),"") | E100: =IFERROR(INDEX('الموظفون'!$L$3:$L$502,94),"") | F100: =IFERROR(INDEX('الموظفون'!$N$3:$N$502,94),"") | G100: =IFERROR(INDEX('الموظفون'!$O$3:$O$502,94),"") | H100: =IFERROR(INDEX('الموظفون'!$Q$3:$Q$502,94),"") | I100: =IFERROR(INDEX('الموظفون'!$R$3:$R$502,94),"") | J100: =IFERROR(INDEX('الموظفون'!$S$3:$S$502,94),"") | K100: =IFERROR(INDEX('الموظفون'!$T$3:$T$502,94),"") | L100: =IFERROR(IF(INDEX(الموظفون_الرقم,94)="","",INDEX(الموظفون_الاساسي,94)+INDEX(الموظفون_البدلات,94)),"")
A101: =IFERROR(INDEX('الموظفون'!$A$3:$A$502,95),"") | B101: =IFERROR(INDEX('الموظفون'!$B$3:$B$502,95),"") | C101: =IFERROR(INDEX('الموظفون'!$J$3:$J$502,95),"") | D101: =IFERROR(INDEX('الموظفون'!$K$3:$K$502,95),"") | E101: =IFERROR(INDEX('الموظفون'!$L$3:$L$502,95),"") | F101: =IFERROR(INDEX('الموظفون'!$N$3:$N$502,95),"") | G101: =IFERROR(INDEX('الموظفون'!$O$3:$O$502,95),"") | H101: =IFERROR(INDEX('الموظفون'!$Q$3:$Q$502,95),"") | I101: =IFERROR(INDEX('الموظفون'!$R$3:$R$502,95),"") | J101: =IFERROR(INDEX('الموظفون'!$S$3:$S$502,95),"") | K101: =IFERROR(INDEX('الموظفون'!$T$3:$T$502,95),"") | L101: =IFERROR(IF(INDEX(الموظفون_الرقم,95)="","",INDEX(الموظفون_الاساسي,95)+INDEX(الموظفون_البدلات,95)),"")
A102: =IFERROR(INDEX('الموظفون'!$A$3:$A$502,96),"") | B102: =IFERROR(INDEX('الموظفون'!$B$3:$B$502,96),"") | C102: =IFERROR(INDEX('الموظفون'!$J$3:$J$502,96),"") | D102: =IFERROR(INDEX('الموظفون'!$K$3:$K$502,96),"") | E102: =IFERROR(INDEX('الموظفون'!$L$3:$L$502,96),"") | F102: =IFERROR(INDEX('الموظفون'!$N$3:$N$502,96),"") | G102: =IFERROR(INDEX('الموظفون'!$O$3:$O$502,96),"") | H102: =IFERROR(INDEX('الموظفون'!$Q$3:$Q$502,96),"") | I102: =IFERROR(INDEX('الموظفون'!$R$3:$R$502,96),"") | J102: =IFERROR(INDEX('الموظفون'!$S$3:$S$502,96),"") | K102: =IFERROR(INDEX('الموظفون'!$T$3:$T$502,96),"") | L102: =IFERROR(IF(INDEX(الموظفون_الرقم,96)="","",INDEX(الموظفون_الاساسي,96)+INDEX(الموظفون_البدلات,96)),"")
...

Sheet تقرير الإدارات
A1: =اسم_المؤسسة
A2: تقرير الموظفين حسب الإدارة
A3: ="تاريخ إعداد التقرير: "&TEXT(TODAY(),"yyyy-mm-dd") | E3: ="السنة المالية: "&السنة_المالية
A6: الإدارة | B6: عدد الموظفين | C6: الموظفون النشطون | D6: إجمالي الرواتب الأساسية | E6: إجمالي البدلات الثابتة | F6: إجمالي الاستحقاقات | G6: إجمالي الخصومات | H6: صافي الرواتب | I6: متوسط الراتب الأساسي
A7: =IFERROR(INDEX(قائمة_الإدارات,1),"") | B7: =IF($A7="","",COUNTIF(الموظفون_الإدارة,$A7)) | C7: =IF($A7="","",COUNTIFS(الموظفون_الإدارة,$A7,الموظفون_الحالة,"نشط")) | D7: =IF($A7="","",SUMIFS(الموظفون_الاساسي,الموظفون_الإدارة,$A7)) | E7: =IF($A7="","",SUMIFS(الموظفون_البدلات,الموظفون_الإدارة,$A7)) | F7: =IF($A7="","",SUMIFS(الرواتب_الاستحقاقات,الرواتب_الإدارة,$A7)) | G7: =IF($A7="","",SUMIFS(الرواتب_الخصومات,الرواتب_الإدارة,$A7)) | H7: =IF($A7="","",SUMIFS(الرواتب_الصافي,الرواتب_الإدارة,$A7)) | I7: =IF($A7="","",IFERROR(AVERAGEIFS(الموظفون_الاساسي,الموظفون_الإدارة,$A7),0))
A8: =IFERROR(INDEX(قائمة_الإدارات,2),"") | B8: =IF($A8="","",COUNTIF(الموظفون_الإدارة,$A8)) | C8: =IF($A8="","",COUNTIFS(الموظفون_الإدارة,$A8,الموظفون_الحالة,"نشط")) | D8: =IF($A8="","",SUMIFS(الموظفون_الاساسي,الموظفون_الإدارة,$A8)) | E8: =IF($A8="","",SUMIFS(الموظفون_البدلات,الموظفون_الإدارة,$A8)) | F8: =IF($A8="","",SUMIFS(الرواتب_الاستحقاقات,الرواتب_الإدارة,$A8)) | G8: =IF($A8="","",SUMIFS(الرواتب_الخصومات,الرواتب_الإدارة,$A8)) | H8: =IF($A8="","",SUMIFS(الرواتب_الصافي,الرواتب_الإدارة,$A8)) | I8: =IF($A8="","",IFERROR(AVERAGEIFS(الموظفون_الاساسي,الموظفون_الإدارة,$A8),0))
A9: =IFERROR(INDEX(قائمة_الإدارات,3),"") | B9: =IF($A9="","",COUNTIF(الموظفون_الإدارة,$A9)) | C9: =IF($A9="","",COUNTIFS(الموظفون_الإدارة,$A9,الموظفون_الحالة,"نشط")) | D9: =IF($A9="","",SUMIFS(الموظفون_الاساسي,الموظفون_الإدارة,$A9)) | E9: =IF($A9="","",SUMIFS(الموظفون_البدلات,الموظفون_الإدارة,$A9)) | F9: =IF($A9="","",SUMIFS(الرواتب_الاستحقاقات,الرواتب_الإدارة,$A9)) | G9: =IF($A9="","",SUMIFS(الرواتب_الخصومات,الرواتب_الإدارة,$A9)) | H9: =IF($A9="","",SUMIFS(الرواتب_الصافي,الرواتب_الإدارة,$A9)) | I9: =IF($A9="","",IFERROR(AVERAGEIFS(الموظفون_الاساسي,الموظفون_الإدارة,$A9),0))
A10: =IFERROR(INDEX(قائمة_الإدارات,4),"") | B10: =IF($A10="","",COUNTIF(الموظفون_الإدارة,$A10)) | C10: =IF($A10="","",COUNTIFS(الموظفون_الإدارة,$A10,الموظفون_الحالة,"نشط")) | D10: =IF($A10="","",SUMIFS(الموظفون_الاساسي,الموظفون_الإدارة,$A10)) | E10: =IF($A10="","",SUMIFS(الموظفون_البدلات,الموظفون_الإدارة,$A10)) | F10: =IF($A10="","",SUMIFS(الرواتب_الاستحقاقات,الرواتب_الإدارة,$A10)) | G10: =IF($A10="","",SUMIFS(الرواتب_الخصومات,الرواتب_الإدارة,$A10)) | H10: =IF($A10="","",SUMIFS(الرواتب_الصافي,الرواتب_الإدارة,$A10)) | I10: =IF($A10="","",IFERROR(AVERAGEIFS(الموظفون_الاساسي,الموظفون_الإدارة,$A10),0))
A11: =IFERROR(INDEX(قائمة_الإدارات,5),"") | B11: =IF($A11="","",COUNTIF(الموظفون_الإدارة,$A11)) | C11: =IF($A11="","",COUNTIFS(الموظفون_الإدارة,$A11,الموظفون_الحالة,"نشط")) | D11: =IF($A11="","",SUMIFS(الموظفون_الاساسي,الموظفون_الإدارة,$A11)) | E11: =IF($A11="","",SUMIFS(الموظفون_البدلات,الموظفون_الإدارة,$A11)) | F11: =IF($A11="","",SUMIFS(الرواتب_الاستحقاقات,الرواتب_الإدارة,$A11)) | G11: =IF($A11="","",SUMIFS(الرواتب_الخصومات,الرواتب_الإدارة,$A11)) | H11: =IF($A11="","",SUMIFS(الرواتب_الصافي,الرواتب_الإدارة,$A11)) | I11: =IF($A11="","",IFERROR(AVERAGEIFS(الموظفون_الاساسي,الموظفون_الإدارة,$A11),0))
A12: =IFERROR(INDEX(قائمة_الإدارات,6),"") | B12: =IF($A12="","",COUNTIF(الموظفون_الإدارة,$A12)) | C12: =IF($A12="","",COUNTIFS(الموظفون_الإدارة,$A12,الموظفون_الحالة,"نشط")) | D12: =IF($A12="","",SUMIFS(الموظفون_الاساسي,الموظفون_الإدارة,$A12)) | E12: =IF($A12="","",SUMIFS(الموظفون_البدلات,الموظفون_الإدارة,$A12)) | F12: =IF($A12="","",SUMIFS(الرواتب_الاستحقاقات,الرواتب_الإدارة,$A12)) | G12: =IF($A12="","",SUMIFS(الرواتب_الخصومات,الرواتب_الإدارة,$A12)) | H12: =IF($A12="","",SUMIFS(الرواتب_الصافي,الرواتب_الإدارة,$A12)) | I12: =IF($A12="","",IFERROR(AVERAGEIFS(الموظفون_الاساسي,الموظفون_الإدارة,$A12),0))
A13: =IFERROR(INDEX(قائمة_الإدارات,7),"") | B13: =IF($A13="","",COUNTIF(الموظفون_الإدارة,$A13)) | C13: =IF($A13="","",COUNTIFS(الموظفون_الإدارة,$A13,الموظفون_الحالة,"نشط")) | D13: =IF($A13="","",SUMIFS(الموظفون_الاساسي,الموظفون_الإدارة,$A13)) | E13: =IF($A13="","",SUMIFS(الموظفون_البدلات,الموظفون_الإدارة,$A13)) | F13: =IF($A13="","",SUMIFS(الرواتب_الاستحقاقات,الرواتب_الإدارة,$A13)) | G13: =IF($A13="","",SUMIFS(الرواتب_الخصومات,الرواتب_الإدارة,$A13)) | H13: =IF($A13="","",SUMIFS(الرواتب_الصافي,الرواتب_الإدارة,$A13)) | I13: =IF($A13="","",IFERROR(AVERAGEIFS(الموظفون_الاساسي,الموظفون_الإدارة,$A13),0))
A14: =IFERROR(INDEX(قائمة_الإدارات,8),"") | B14: =IF($A14="","",COUNTIF(الموظفون_الإدارة,$A14)) | C14: =IF($A14="","",COUNTIFS(الموظفون_الإدارة,$A14,الموظفون_الحالة,"نشط")) | D14: =IF($A14="","",SUMIFS(الموظفون_الاساسي,الموظفون_الإدارة,$A14)) | E14: =IF($A14="","",SUMIFS(الموظفون_البدلات,الموظفون_الإدارة,$A14)) | F14: =IF($A14="","",SUMIFS(الرواتب_الاستحقاقات,الرواتب_الإدارة,$A14)) | G14: =IF($A14="","",SUMIFS(الرواتب_الخصومات,الرواتب_الإدارة,$A14)) | H14: =IF($A14="","",SUMIFS(الرواتب_الصافي,الرواتب_الإدارة,$A14)) | I14: =IF($A14="","",IFERROR(AVERAGEIFS(الموظفون_الاساسي,الموظفون_الإدارة,$A14),0))
A15: =IFERROR(INDEX(قائمة_الإدارات,9),"") | B15: =IF($A15="","",COUNTIF(الموظفون_الإدارة,$A15)) | C15: =IF($A15="","",COUNTIFS(الموظفون_الإدارة,$A15,الموظفون_الحالة,"نشط")) | D15: =IF($A15="","",SUMIFS(الموظفون_الاساسي,الموظفون_الإدارة,$A15)) | E15: =IF($A15="","",SUMIFS(الموظفون_البدلات,الموظفون_الإدارة,$A15)) | F15: =IF($A15="","",SUMIFS(الرواتب_الاستحقاقات,الرواتب_الإدارة,$A15)) | G15: =IF($A15="","",SUMIFS(الرواتب_الخصومات,الرواتب_الإدارة,$A15)) | H15: =IF($A15="","",SUMIFS(الرواتب_الصافي,الرواتب_الإدارة,$A15)) | I15: =IF($A15="","",IFERROR(AVERAGEIFS(الموظفون_الاساسي,الموظفون_الإدارة,$A15),0))
A16: =IFERROR(INDEX(قائمة_الإدارات,10),"") | B16: =IF($A16="","",COUNTIF(الموظفون_الإدارة,$A16)) | C16: =IF($A16="","",COUNTIFS(الموظفون_الإدارة,$A16,الموظفون_الحالة,"نشط")) | D16: =IF($A16="","",SUMIFS(الموظفون_الاساسي,الموظفون_الإدارة,$A16)) | E16: =IF($A16="","",SUMIFS(الموظفون_البدلات,الموظفون_الإدارة,$A16)) | F16: =IF($A16="","",SUMIFS(الرواتب_الاستحقاقات,الرواتب_الإدارة,$A16)) | G16: =IF($A16="","",SUMIFS(الرواتب_الخصومات,الرواتب_الإدارة,$A16)) | H16: =IF($A16="","",SUMIFS(الرواتب_الصافي,الرواتب_الإدارة,$A16)) | I16: =IF($A16="","",IFERROR(AVERAGEIFS(الموظفون_الاساسي,الموظفون_الإدارة,$A16),0))
A17: =IFERROR(INDEX(قائمة_الإدارات,11),"") | B17: =IF($A17="","",COUNTIF(الموظفون_الإدارة,$A17)) | C17: =IF($A17="","",COUNTIFS(الموظفون_الإدارة,$A17,الموظفون_الحالة,"نشط")) | D17: =IF($A17="","",SUMIFS(الموظفون_الاساسي,الموظفون_الإدارة,$A17)) | E17: =IF($A17="","",SUMIFS(الموظفون_البدلات,الموظفون_الإدارة,$A17)) | F17: =IF($A17="","",SUMIFS(الرواتب_الاستحقاقات,الرواتب_الإدارة,$A17)) | G17: =IF($A17="","",SUMIFS(الرواتب_الخصومات,الرواتب_الإدارة,$A17)) | H17: =IF($A17="","",SUMIFS(الرواتب_الصافي,الرواتب_الإدارة,$A17)) | I17: =IF($A17="","",IFERROR(AVERAGEIFS(الموظفون_الاساسي,الموظفون_الإدارة,$A17),0))
A18: =IFERROR(INDEX(قائمة_الإدارات,12),"") | B18: =IF($A18="","",COUNTIF(الموظفون_الإدارة,$A18)) | C18: =IF($A18="","",COUNTIFS(الموظفون_الإدارة,$A18,الموظفون_الحالة,"نشط")) | D18: =IF($A18="","",SUMIFS(الموظفون_الاساسي,الموظفون_الإدارة,$A18)) | E18: =IF($A18="","",SUMIFS(الموظفون_البدلات,الموظفون_الإدارة,$A18)) | F18: =IF($A18="","",SUMIFS(الرواتب_الاستحقاقات,الرواتب_الإدارة,$A18)) | G18: =IF($A18="","",SUMIFS(الرواتب_الخصومات,الرواتب_الإدارة,$A18)) | H18: =IF($A18="","",SUMIFS(الرواتب_الصافي,الرواتب_الإدارة,$A18)) | I18: =IF($A18="","",IFERROR(AVERAGEIFS(الموظفون_الاساسي,الموظفون_الإدارة,$A18),0))
A19: =IFERROR(INDEX(قائمة_الإدارات,13),"") | B19: =IF($A19="","",COUNTIF(الموظفون_الإدارة,$A19)) | C19: =IF($A19="","",COUNTIFS(الموظفون_الإدارة,$A19,الموظفون_الحالة,"نشط")) | D19: =IF($A19="","",SUMIFS(الموظفون_الاساسي,الموظفون_الإدارة,$A19)) | E19: =IF($A19="","",SUMIFS(الموظفون_البدلات,الموظفون_الإدارة,$A19)) | F19: =IF($A19="","",SUMIFS(الرواتب_الاستحقاقات,الرواتب_الإدارة,$A19)) | G19: =IF($A19="","",SUMIFS(الرواتب_الخصومات,الرواتب_الإدارة,$A19)) | H19: =IF($A19="","",SUMIFS(الرواتب_الصافي,الرواتب_الإدارة,$A19)) | I19: =IF($A19="","",IFERROR(AVERAGEIFS(الموظفون_الاساسي,الموظفون_الإدارة,$A19),0))
A20: =IFERROR(INDEX(قائمة_الإدارات,14),"") | B20: =IF($A20="","",COUNTIF(الموظفون_الإدارة,$A20)) | C20: =IF($A20="","",COUNTIFS(الموظفون_الإدارة,$A20,الموظفون_الحالة,"نشط")) | D20: =IF($A20="","",SUMIFS(الموظفون_الاساسي,الموظفون_الإدارة,$A20)) | E20: =IF($A20="","",SUMIFS(الموظفون_البدلات,الموظفون_الإدارة,$A20)) | F20: =IF($A20="","",SUMIFS(الرواتب_الاستحقاقات,الرواتب_الإدارة,$A20)) | G20: =IF($A20="","",SUMIFS(الرواتب_الخصومات,الرواتب_الإدارة,$A20)) | H20: =IF($A20="","",SUMIFS(الرواتب_الصافي,الرواتب_الإدارة,$A20)) | I20: =IF($A20="","",IFERROR(AVERAGEIFS(الموظفون_الاساسي,الموظفون_الإدارة,$A20),0))
A21: =IFERROR(INDEX(قائمة_الإدارات,15),"") | B21: =IF($A21="","",COUNTIF(الموظفون_الإدارة,$A21)) | C21: =IF($A21="","",COUNTIFS(الموظفون_الإدارة,$A21,الموظفون_الحالة,"نشط")) | D21: =IF($A21="","",SUMIFS(الموظفون_الاساسي,الموظفون_الإدارة,$A21)) | E21: =IF($A21="","",SUMIFS(الموظفون_البدلات,الموظفون_الإدارة,$A21)) | F21: =IF($A21="","",SUMIFS(الرواتب_الاستحقاقات,الرواتب_الإدارة,$A21)) | G21: =IF($A21="","",SUMIFS(الرواتب_الخصومات,الرواتب_الإدارة,$A21)) | H21: =IF($A21="","",SUMIFS(الرواتب_الصافي,الرواتب_الإدارة,$A21)) | I21: =IF($A21="","",IFERROR(AVERAGEIFS(الموظفون_الاساسي,الموظفون_الإدارة,$A21),0))
A22: =IFERROR(INDEX(قائمة_الإدارات,16),"") | B22: =IF($A22="","",COUNTIF(الموظفون_الإدارة,$A22)) | C22: =IF($A22="","",COUNTIFS(الموظفون_الإدارة,$A22,الموظفون_الحالة,"نشط")) | D22: =IF($A22="","",SUMIFS(الموظفون_الاساسي,الموظفون_الإدارة,$A22)) | E22: =IF($A22="","",SUMIFS(الموظفون_البدلات,الموظفون_الإدارة,$A22)) | F22: =IF($A22="","",SUMIFS(الرواتب_الاستحقاقات,الرواتب_الإدارة,$A22)) | G22: =IF($A22="","",SUMIFS(الرواتب_الخصومات,الرواتب_الإدارة,$A22)) | H22: =IF($A22="","",SUMIFS(الرواتب_الصافي,الرواتب_الإدارة,$A22)) | I22: =IF($A22="","",IFERROR(AVERAGEIFS(الموظفون_الاساسي,الموظفون_الإدارة,$A22),0))
A23: =IFERROR(INDEX(قائمة_الإدارات,17),"") | B23: =IF($A23="","",COUNTIF(الموظفون_الإدارة,$A23)) | C23: =IF($A23="","",COUNTIFS(الموظفون_الإدارة,$A23,الموظفون_الحالة,"نشط")) | D23: =IF($A23="","",SUMIFS(الموظفون_الاساسي,الموظفون_الإدارة,$A23)) | E23: =IF($A23="","",SUMIFS(الموظفون_البدلات,الموظفون_الإدارة,$A23)) | F23: =IF($A23="","",SUMIFS(الرواتب_الاستحقاقات,الرواتب_الإدارة,$A23)) | G23: =IF($A23="","",SUMIFS(الرواتب_الخصومات,الرواتب_الإدارة,$A23)) | H23: =IF($A23="","",SUMIFS(الرواتب_الصافي,الرواتب_الإدارة,$A23)) | I23: =IF($A23="","",IFERROR(AVERAGEIFS(الموظفون_الاساسي,الموظفون_الإدارة,$A23),0))
A24: =IFERROR(INDEX(قائمة_الإدارات,18),"") | B24: =IF($A24="","",COUNTIF(الموظفون_الإدارة,$A24)) | C24: =IF($A24="","",COUNTIFS(الموظفون_الإدارة,$A24,الموظفون_الحالة,"نشط")) | D24: =IF($A24="","",SUMIFS(الموظفون_الاساسي,الموظفون_الإدارة,$A24)) | E24: =IF($A24="","",SUMIFS(الموظفون_البدلات,الموظفون_الإدارة,$A24)) | F24: =IF($A24="","",SUMIFS(الرواتب_الاستحقاقات,الرواتب_الإدارة,$A24)) | G24: =IF($A24="","",SUMIFS(الرواتب_الخصومات,الرواتب_الإدارة,$A24)) | H24: =IF($A24="","",SUMIFS(الرواتب_الصافي,الرواتب_الإدارة,$A24)) | I24: =IF($A24="","",IFERROR(AVERAGEIFS(الموظفون_الاساسي,الموظفون_الإدارة,$A24),0))
A25: =IFERROR(INDEX(قائمة_الإدارات,19),"") | B25: =IF($A25="","",COUNTIF(الموظفون_الإدارة,$A25)) | C25: =IF($A25="","",COUNTIFS(الموظفون_الإدارة,$A25,الموظفون_الحالة,"نشط")) | D25: =IF($A25="","",SUMIFS(الموظفون_الاساسي,الموظفون_الإدارة,$A25)) | E25: =IF($A25="","",SUMIFS(الموظفون_البدلات,الموظفون_الإدارة,$A25)) | F25: =IF($A25="","",SUMIFS(الرواتب_الاستحقاقات,الرواتب_الإدارة,$A25)) | G25: =IF($A25="","",SUMIFS(الرواتب_الخصومات,الرواتب_الإدارة,$A25)) | H25: =IF($A25="","",SUMIFS(الرواتب_الصافي,الرواتب_الإدارة,$A25)) | I25: =IF($A25="","",IFERROR(AVERAGEIFS(الموظفون_الاساسي,الموظفون_الإدارة,$A25),0))
A26: =IFERROR(INDEX(قائمة_الإدارات,20),"") | B26: =IF($A26="","",COUNTIF(الموظفون_الإدارة,$A26)) | C26: =IF($A26="","",COUNTIFS(الموظفون_الإدارة,$A26,الموظفون_الحالة,"نشط")) | D26: =IF($A26="","",SUMIFS(الموظفون_الاساسي,الموظفون_الإدارة,$A26)) | E26: =IF($A26="","",SUMIFS(الموظفون_البدلات,الموظفون_الإدارة,$A26)) | F26: =IF($A26="","",SUMIFS(الرواتب_الاستحقاقات,الرواتب_الإدارة,$A26)) | G26: =IF($A26="","",SUMIFS(الرواتب_الخصومات,الرواتب_الإدارة,$A26)) | H26: =IF($A26="","",SUMIFS(الرواتب_الصافي,الرواتب_الإدارة,$A26)) | I26: =IF($A26="","",IFERROR(AVERAGEIFS(الموظفون_الاساسي,الموظفون_الإدارة,$A26),0))
A27: =IFERROR(INDEX(قائمة_الإدارات,21),"") | B27: =IF($A27="","",COUNTIF(الموظفون_الإدارة,$A27)) | C27: =IF($A27="","",COUNTIFS(الموظفون_الإدارة,$A27,الموظفون_الحالة,"نشط")) | D27: =IF($A27="","",SUMIFS(الموظفون_الاساسي,الموظفون_الإدارة,$A27)) | E27: =IF($A27="","",SUMIFS(الموظفون_البدلات,الموظفون_الإدارة,$A27)) | F27: =IF($A27="","",SUMIFS(الرواتب_الاستحقاقات,الرواتب_الإدارة,$A27)) | G27: =IF($A27="","",SUMIFS(الرواتب_الخصومات,الرواتب_الإدارة,$A27)) | H27: =IF($A27="","",SUMIFS(الرواتب_الصافي,الرواتب_الإدارة,$A27)) | I27: =IF($A27="","",IFERROR(AVERAGEIFS(الموظفون_الاساسي,الموظفون_الإدارة,$A27),0))
A28: =IFERROR(INDEX(قائمة_الإدارات,22),"") | B28: =IF($A28="","",COUNTIF(الموظفون_الإدارة,$A28)) | C28: =IF($A28="","",COUNTIFS(الموظفون_الإدارة,$A28,الموظفون_الحالة,"نشط")) | D28: =IF($A28="","",SUMIFS(الموظفون_الاساسي,الموظفون_الإدارة,$A28)) | E28: =IF($A28="","",SUMIFS(الموظفون_البدلات,الموظفون_الإدارة,$A28)) | F28: =IF($A28="","",SUMIFS(الرواتب_الاستحقاقات,الرواتب_الإدارة,$A28)) | G28: =IF($A28="","",SUMIFS(الرواتب_الخصومات,الرواتب_الإدارة,$A28)) | H28: =IF($A28="","",SUMIFS(الرواتب_الصافي,الرواتب_الإدارة,$A28)) | I28: =IF($A28="","",IFERROR(AVERAGEIFS(الموظفون_الاساسي,الموظفون_الإدارة,$A28),0))
A29: =IFERROR(INDEX(قائمة_الإدارات,23),"") | B29: =IF($A29="","",COUNTIF(الموظفون_الإدارة,$A29)) | C29: =IF($A29="","",COUNTIFS(الموظفون_الإدارة,$A29,الموظفون_الحالة,"نشط")) | D29: =IF($A29="","",SUMIFS(الموظفون_الاساسي,الموظفون_الإدارة,$A29)) | E29: =IF($A29="","",SUMIFS(الموظفون_البدلات,الموظفون_الإدارة,$A29)) | F29: =IF($A29="","",SUMIFS(الرواتب_الاستحقاقات,الرواتب_الإدارة,$A29)) | G29: =IF($A29="","",SUMIFS(الرواتب_الخصومات,الرواتب_الإدارة,$A29)) | H29: =IF($A29="","",SUMIFS(الرواتب_الصافي,الرواتب_الإدارة,$A29)) | I29: =IF($A29="","",IFERROR(AVERAGEIFS(الموظفون_الاساسي,الموظفون_الإدارة,$A29),0))
A30: =IFERROR(INDEX(قائمة_الإدارات,24),"") | B30: =IF($A30="","",COUNTIF(الموظفون_الإدارة,$A30)) | C30: =IF($A30="","",COUNTIFS(الموظفون_الإدارة,$A30,الموظفون_الحالة,"نشط")) | D30: =IF($A30="","",SUMIFS(الموظفون_الاساسي,الموظفون_الإدارة,$A30)) | E30: =IF($A30="","",SUMIFS(الموظفون_البدلات,الموظفون_الإدارة,$A30)) | F30: =IF($A30="","",SUMIFS(الرواتب_الاستحقاقات,الرواتب_الإدارة,$A30)) | G30: =IF($A30="","",SUMIFS(الرواتب_الخصومات,الرواتب_الإدارة,$A30)) | H30: =IF($A30="","",SUMIFS(الرواتب_الصافي,الرواتب_الإدارة,$A30)) | I30: =IF($A30="","",IFERROR(AVERAGEIFS(الموظفون_الاساسي,الموظفون_الإدارة,$A30),0))
A31: =IFERROR(INDEX(قائمة_الإدارات,25),"") | B31: =IF($A31="","",COUNTIF(الموظفون_الإدارة,$A31)) | C31: =IF($A31="","",COUNTIFS(الموظفون_الإدارة,$A31,الموظفون_الحالة,"نشط")) | D31: =IF($A31="","",SUMIFS(الموظفون_الاساسي,الموظفون_الإدارة,$A31)) | E31: =IF($A31="","",SUMIFS(الموظفون_البدلات,الموظفون_الإدارة,$A31)) | F31: =IF($A31="","",SUMIFS(الرواتب_الاستحقاقات,الرواتب_الإدارة,$A31)) | G31: =IF($A31="","",SUMIFS(الرواتب_الخصومات,الرواتب_الإدارة,$A31)) | H31: =IF($A31="","",SUMIFS(الرواتب_الصافي,الرواتب_الإدارة,$A31)) | I31: =IF($A31="","",IFERROR(AVERAGEIFS(الموظفون_الاساسي,الموظفون_الإدارة,$A31),0))
A32: =IFERROR(INDEX(قائمة_الإدارات,26),"") | B32: =IF($A32="","",COUNTIF(الموظفون_الإدارة,$A32)) | C32: =IF($A32="","",COUNTIFS(الموظفون_الإدارة,$A32,الموظفون_الحالة,"نشط")) | D32: =IF($A32="","",SUMIFS(الموظفون_الاساسي,الموظفون_الإدارة,$A32)) | E32: =IF($A32="","",SUMIFS(الموظفون_البدلات,الموظفون_الإدارة,$A32)) | F32: =IF($A32="","",SUMIFS(الرواتب_الاستحقاقات,الرواتب_الإدارة,$A32)) | G32: =IF($A32="","",SUMIFS(الرواتب_الخصومات,الرواتب_الإدارة,$A32)) | H32: =IF($A32="","",SUMIFS(الرواتب_الصافي,الرواتب_الإدارة,$A32)) | I32: =IF($A32="","",IFERROR(AVERAGEIFS(الموظفون_الاساسي,الموظفون_الإدارة,$A32),0))
A33: =IFERROR(INDEX(قائمة_الإدارات,27),"") | B33: =IF($A33="","",COUNTIF(الموظفون_الإدارة,$A33)) | C33: =IF($A33="","",COUNTIFS(الموظفون_الإدارة,$A33,الموظفون_الحالة,"نشط")) | D33: =IF($A33="","",SUMIFS(الموظفون_الاساسي,الموظفون_الإدارة,$A33)) | E33: =IF($A33="","",SUMIFS(الموظفون_البدلات,الموظفون_الإدارة,$A33)) | F33: =IF($A33="","",SUMIFS(الرواتب_الاستحقاقات,الرواتب_الإدارة,$A33)) | G33: =IF($A33="","",SUMIFS(الرواتب_الخصومات,الرواتب_الإدارة,$A33)) | H33: =IF($A33="","",SUMIFS(الرواتب_الصافي,الرواتب_الإدارة,$A33)) | I33: =IF($A33="","",IFERROR(AVERAGEIFS(الموظفون_الاساسي,الموظفون_الإدارة,$A33),0))
A34: =IFERROR(INDEX(قائمة_الإدارات,28),"") | B34: =IF($A34="","",COUNTIF(الموظفون_الإدارة,$A34)) | C34: =IF($A34="","",COUNTIFS(الموظفون_الإدارة,$A34,الموظفون_الحالة,"نشط")) | D34: =IF($A34="","",SUMIFS(الموظفون_الاساسي,الموظفون_الإدارة,$A34)) | E34: =IF($A34="","",SUMIFS(الموظفون_البدلات,الموظفون_الإدارة,$A34)) | F34: =IF($A34="","",SUMIFS(الرواتب_الاستحقاقات,الرواتب_الإدارة,$A34)) | G34: =IF($A34="","",SUMIFS(الرواتب_الخصومات,الرواتب_الإدارة,$A34)) | H34: =IF($A34="","",SUMIFS(الرواتب_الصافي,الرواتب_الإدارة,$A34)) | I34: =IF($A34="","",IFERROR(AVERAGEIFS(الموظفون_الاساسي,الموظفون_الإدارة,$A34),0))
A35: =IFERROR(INDEX(قائمة_الإدارات,29),"") | B35: =IF($A35="","",COUNTIF(الموظفون_الإدارة,$A35)) | C35: =IF($A35="","",COUNTIFS(الموظفون_الإدارة,$A35,الموظفون_الحالة,"نشط")) | D35: =IF($A35="","",SUMIFS(الموظفون_الاساسي,الموظفون_الإدارة,$A35)) | E35: =IF($A35="","",SUMIFS(الموظفون_البدلات,الموظفون_الإدارة,$A35)) | F35: =IF($A35="","",SUMIFS(الرواتب_الاستحقاقات,الرواتب_الإدارة,$A35)) | G35: =IF($A35="","",SUMIFS(الرواتب_الخصومات,الرواتب_الإدارة,$A35)) | H35: =IF($A35="","",SUMIFS(الرواتب_الصافي,الرواتب_الإدارة,$A35)) | I35: =IF($A35="","",IFERROR(AVERAGEIFS(الموظفون_الاساسي,الموظفون_الإدارة,$A35),0))
A36: =IFERROR(INDEX(قائمة_الإدارات,30),"") | B36: =IF($A36="","",COUNTIF(الموظفون_الإدارة,$A36)) | C36: =IF($A36="","",COUNTIFS(الموظفون_الإدارة,$A36,الموظفون_الحالة,"نشط")) | D36: =IF($A36="","",SUMIFS(الموظفون_الاساسي,الموظفون_الإدارة,$A36)) | E36: =IF($A36="","",SUMIFS(الموظفون_البدلات,الموظفون_الإدارة,$A36)) | F36: =IF($A36="","",SUMIFS(الرواتب_الاستحقاقات,الرواتب_الإدارة,$A36)) | G36: =IF($A36="","",SUMIFS(الرواتب_الخصومات,الرواتب_الإدارة,$A36)) | H36: =IF($A36="","",SUMIFS(الرواتب_الصافي,الرواتب_الإدارة,$A36)) | I36: =IF($A36="","",IFERROR(AVERAGEIFS(الموظفون_الاساسي,الموظفون_الإدارة,$A36),0))
A37: =IFERROR(INDEX(قائمة_الإدارات,31),"") | B37: =IF($A37="","",COUNTIF(الموظفون_الإدارة,$A37)) | C37: =IF($A37="","",COUNTIFS(الموظفون_الإدارة,$A37,الموظفون_الحالة,"نشط")) | D37: =IF($A37="","",SUMIFS(الموظفون_الاساسي,الموظفون_الإدارة,$A37)) | E37: =IF($A37="","",SUMIFS(الموظفون_البدلات,الموظفون_الإدارة,$A37)) | F37: =IF($A37="","",SUMIFS(الرواتب_الاستحقاقات,الرواتب_الإدارة,$A37)) | G37: =IF($A37="","",SUMIFS(الرواتب_الخصومات,الرواتب_الإدارة,$A37)) | H37: =IF($A37="","",SUMIFS(الرواتب_الصافي,الرواتب_الإدارة,$A37)) | I37: =IF($A37="","",IFERROR(AVERAGEIFS(الموظفون_الاساسي,الموظفون_الإدارة,$A37),0))
A38: =IFERROR(INDEX(قائمة_الإدارات,32),"") | B38: =IF($A38="","",COUNTIF(الموظفون_الإدارة,$A38)) | C38: =IF($A38="","",COUNTIFS(الموظفون_الإدارة,$A38,الموظفون_الحالة,"نشط")) | D38: =IF($A38="","",SUMIFS(الموظفون_الاساسي,الموظفون_الإدارة,$A38)) | E38: =IF($A38="","",SUMIFS(الموظفون_البدلات,الموظفون_الإدارة,$A38)) | F38: =IF($A38="","",SUMIFS(الرواتب_الاستحقاقات,الرواتب_الإدارة,$A38)) | G38: =IF($A38="","",SUMIFS(الرواتب_الخصومات,الرواتب_الإدارة,$A38)) | H38: =IF($A38="","",SUMIFS(الرواتب_الصافي,الرواتب_الإدارة,$A38)) | I38: =IF($A38="","",IFERROR(AVERAGEIFS(الموظفون_الاساسي,الموظفون_الإدارة,$A38),0))
A39: =IFERROR(INDEX(قائمة_الإدارات,33),"") | B39: =IF($A39="","",COUNTIF(الموظفون_الإدارة,$A39)) | C39: =IF($A39="","",COUNTIFS(الموظفون_الإدارة,$A39,الموظفون_الحالة,"نشط")) | D39: =IF($A39="","",SUMIFS(الموظفون_الاساسي,الموظفون_الإدارة,$A39)) | E39: =IF($A39="","",SUMIFS(الموظفون_البدلات,الموظفون_الإدارة,$A39)) | F39: =IF($A39="","",SUMIFS(الرواتب_الاستحقاقات,الرواتب_الإدارة,$A39)) | G39: =IF($A39="","",SUMIFS(الرواتب_الخصومات,الرواتب_الإدارة,$A39)) | H39: =IF($A39="","",SUMIFS(الرواتب_الصافي,الرواتب_الإدارة,$A39)) | I39: =IF($A39="","",IFERROR(AVERAGEIFS(الموظفون_الاساسي,الموظفون_الإدارة,$A39),0))
A40: =IFERROR(INDEX(قائمة_الإدارات,34),"") | B40: =IF($A40="","",COUNTIF(الموظفون_الإدارة,$A40)) | C40: =IF($A40="","",COUNTIFS(الموظفون_الإدارة,$A40,الموظفون_الحالة,"نشط")) | D40: =IF($A40="","",SUMIFS(الموظفون_الاساسي,الموظفون_الإدارة,$A40)) | E40: =IF($A40="","",SUMIFS(الموظفون_البدلات,الموظفون_الإدارة,$A40)) | F40: =IF($A40="","",SUMIFS(الرواتب_الاستحقاقات,الرواتب_الإدارة,$A40)) | G40: =IF($A40="","",SUMIFS(الرواتب_الخصومات,الرواتب_الإدارة,$A40)) | H40: =IF($A40="","",SUMIFS(الرواتب_الصافي,الرواتب_الإدارة,$A40)) | I40: =IF($A40="","",IFERROR(AVERAGEIFS(الموظفون_الاساسي,الموظفون_الإدارة,$A40),0))
A41: =IFERROR(INDEX(قائمة_الإدارات,35),"") | B41: =IF($A41="","",COUNTIF(الموظفون_الإدارة,$A41)) | C41: =IF($A41="","",COUNTIFS(الموظفون_الإدارة,$A41,الموظفون_الحالة,"نشط")) | D41: =IF($A41="","",SUMIFS(الموظفون_الاساسي,الموظفون_الإدارة,$A41)) | E41: =IF($A41="","",SUMIFS(الموظفون_البدلات,الموظفون_الإدارة,$A41)) | F41: =IF($A41="","",SUMIFS(الرواتب_الاستحقاقات,الرواتب_الإدارة,$A41)) | G41: =IF($A41="","",SUMIFS(الرواتب_الخصومات,الرواتب_الإدارة,$A41)) | H41: =IF($A41="","",SUMIFS(الرواتب_الصافي,الرواتب_الإدارة,$A41)) | I41: =IF($A41="","",IFERROR(AVERAGEIFS(الموظفون_الاساسي,الموظفون_الإدارة,$A41),0))
A42: =IFERROR(INDEX(قائمة_الإدارات,36),"") | B42: =IF($A42="","",COUNTIF(الموظفون_الإدارة,$A42)) | C42: =IF($A42="","",COUNTIFS(الموظفون_الإدارة,$A42,الموظفون_الحالة,"نشط")) | D42: =IF($A42="","",SUMIFS(الموظفون_الاساسي,الموظفون_الإدارة,$A42)) | E42: =IF($A42="","",SUMIFS(الموظفون_البدلات,الموظفون_الإدارة,$A42)) | F42: =IF($A42="","",SUMIFS(الرواتب_الاستحقاقات,الرواتب_الإدارة,$A42)) | G42: =IF($A42="","",SUMIFS(الرواتب_الخصومات,الرواتب_الإدارة,$A42)) | H42: =IF($A42="","",SUMIFS(الرواتب_الصافي,الرواتب_الإدارة,$A42)) | I42: =IF($A42="","",IFERROR(AVERAGEIFS(الموظفون_الاساسي,الموظفون_الإدارة,$A42),0))
A43: =IFERROR(INDEX(قائمة_الإدارات,37),"") | B43: =IF($A43="","",COUNTIF(الموظفون_الإدارة,$A43)) | C43: =IF($A43="","",COUNTIFS(الموظفون_الإدارة,$A43,الموظفون_الحالة,"نشط")) | D43: =IF($A43="","",SUMIFS(الموظفون_الاساسي,الموظفون_الإدارة,$A43)) | E43: =IF($A43="","",SUMIFS(الموظفون_البدلات,الموظفون_الإدارة,$A43)) | F43: =IF($A43="","",SUMIFS(الرواتب_الاستحقاقات,الرواتب_الإدارة,$A43)) | G43: =IF($A43="","",SUMIFS(الرواتب_الخصومات,الرواتب_الإدارة,$A43)) | H43: =IF($A43="","",SUMIFS(الرواتب_الصافي,الرواتب_الإدارة,$A43)) | I43: =IF($A43="","",IFERROR(AVERAGEIFS(الموظفون_الاساسي,الموظفون_الإدارة,$A43),0))
A44: =IFERROR(INDEX(قائمة_الإدارات,38),"") | B44: =IF($A44="","",COUNTIF(الموظفون_الإدارة,$A44)) | C44: =IF($A44="","",COUNTIFS(الموظفون_الإدارة,$A44,الموظفون_الحالة,"نشط")) | D44: =IF($A44="","",SUMIFS(الموظفون_الاساسي,الموظفون_الإدارة,$A44)) | E44: =IF($A44="","",SUMIFS(الموظفون_البدلات,الموظفون_الإدارة,$A44)) | F44: =IF($A44="","",SUMIFS(الرواتب_الاستحقاقات,الرواتب_الإدارة,$A44)) | G44: =IF($A44="","",SUMIFS(الرواتب_الخصومات,الرواتب_الإدارة,$A44)) | H44: =IF($A44="","",SUMIFS(الرواتب_الصافي,الرواتب_الإدارة,$A44)) | I44: =IF($A44="","",IFERROR(AVERAGEIFS(الموظفون_الاساسي,الموظفون_الإدارة,$A44),0))
A45: =IFERROR(INDEX(قائمة_الإدارات,39),"") | B45: =IF($A45="","",COUNTIF(الموظفون_الإدارة,$A45)) | C45: =IF($A45="","",COUNTIFS(الموظفون_الإدارة,$A45,الموظفون_الحالة,"نشط")) | D45: =IF($A45="","",SUMIFS(الموظفون_الاساسي,الموظفون_الإدارة,$A45)) | E45: =IF($A45="","",SUMIFS(الموظفون_البدلات,الموظفون_الإدارة,$A45)) | F45: =IF($A45="","",SUMIFS(الرواتب_الاستحقاقات,الرواتب_الإدارة,$A45)) | G45: =IF($A45="","",SUMIFS(الرواتب_الخصومات,الرواتب_الإدارة,$A45)) | H45: =IF($A45="","",SUMIFS(الرواتب_الصافي,الرواتب_الإدارة,$A45)) | I45: =IF($A45="","",IFERROR(AVERAGEIFS(الموظفون_الاساسي,الموظفون_الإدارة,$A45),0))
A46: =IFERROR(INDEX(قائمة_الإدارات,40),"") | B46: =IF($A46="","",COUNTIF(الموظفون_الإدارة,$A46)) | C46: =IF($A46="","",COUNTIFS(الموظفون_الإدارة,$A46,الموظفون_الحالة,"نشط")) | D46: =IF($A46="","",SUMIFS(الموظفون_الاساسي,الموظفون_الإدارة,$A46)) | E46: =IF($A46="","",SUMIFS(الموظفون_البدلات,الموظفون_الإدارة,$A46)) | F46: =IF($A46="","",SUMIFS(الرواتب_الاستحقاقات,الرواتب_الإدارة,$A46)) | G46: =IF($A46="","",SUMIFS(الرواتب_الخصومات,الرواتب_الإدارة,$A46)) | H46: =IF($A46="","",SUMIFS(الرواتب_الصافي,الرواتب_الإدارة,$A46)) | I46: =IF($A46="","",IFERROR(AVERAGEIFS(الموظفون_الاساسي,الموظفون_الإدارة,$A46),0))
A47: =IFERROR(INDEX(قائمة_الإدارات,41),"") | B47: =IF($A47="","",COUNTIF(الموظفون_الإدارة,$A47)) | C47: =IF($A47="","",COUNTIFS(الموظفون_الإدارة,$A47,الموظفون_الحالة,"نشط")) | D47: =IF($A47="","",SUMIFS(الموظفون_الاساسي,الموظفون_الإدارة,$A47)) | E47: =IF($A47="","",SUMIFS(الموظفون_البدلات,الموظفون_الإدارة,$A47)) | F47: =IF($A47="","",SUMIFS(الرواتب_الاستحقاقات,الرواتب_الإدارة,$A47)) | G47: =IF($A47="","",SUMIFS(الرواتب_الخصومات,الرواتب_الإدارة,$A47)) | H47: =IF($A47="","",SUMIFS(الرواتب_الصافي,الرواتب_الإدارة,$A47)) | I47: =IF($A47="","",IFERROR(AVERAGEIFS(الموظفون_الاساسي,الموظفون_الإدارة,$A47),0))
A48: =IFERROR(INDEX(قائمة_الإدارات,42),"") | B48: =IF($A48="","",COUNTIF(الموظفون_الإدارة,$A48)) | C48: =IF($A48="","",COUNTIFS(الموظفون_الإدارة,$A48,الموظفون_الحالة,"نشط")) | D48: =IF($A48="","",SUMIFS(الموظفون_الاساسي,الموظفون_الإدارة,$A48)) | E48: =IF($A48="","",SUMIFS(الموظفون_البدلات,الموظفون_الإدارة,$A48)) | F48: =IF($A48="","",SUMIFS(الرواتب_الاستحقاقات,الرواتب_الإدارة,$A48)) | G48: =IF($A48="","",SUMIFS(الرواتب_الخصومات,الرواتب_الإدارة,$A48)) | H48: =IF($A48="","",SUMIFS(الرواتب_الصافي,الرواتب_الإدارة,$A48)) | I48: =IF($A48="","",IFERROR(AVERAGEIFS(الموظفون_الاساسي,الموظفون_الإدارة,$A48),0))
A49: =IFERROR(INDEX(قائمة_الإدارات,43),"") | B49: =IF($A49="","",COUNTIF(الموظفون_الإدارة,$A49)) | C49: =IF($A49="","",COUNTIFS(الموظفون_الإدارة,$A49,الموظفون_الحالة,"نشط")) | D49: =IF($A49="","",SUMIFS(الموظفون_الاساسي,الموظفون_الإدارة,$A49)) | E49: =IF($A49="","",SUMIFS(الموظفون_البدلات,الموظفون_الإدارة,$A49)) | F49: =IF($A49="","",SUMIFS(الرواتب_الاستحقاقات,الرواتب_الإدارة,$A49)) | G49: =IF($A49="","",SUMIFS(الرواتب_الخصومات,الرواتب_الإدارة,$A49)) | H49: =IF($A49="","",SUMIFS(الرواتب_الصافي,الرواتب_الإدارة,$A49)) | I49: =IF($A49="","",IFERROR(AVERAGEIFS(الموظفون_الاساسي,الموظفون_الإدارة,$A49),0))
A50: =IFERROR(INDEX(قائمة_الإدارات,44),"") | B50: =IF($A50="","",COUNTIF(الموظفون_الإدارة,$A50)) | C50: =IF($A50="","",COUNTIFS(الموظفون_الإدارة,$A50,الموظفون_الحالة,"نشط")) | D50: =IF($A50="","",SUMIFS(الموظفون_الاساسي,الموظفون_الإدارة,$A50)) | E50: =IF($A50="","",SUMIFS(الموظفون_البدلات,الموظفون_الإدارة,$A50)) | F50: =IF($A50="","",SUMIFS(الرواتب_الاستحقاقات,الرواتب_الإدارة,$A50)) | G50: =IF($A50="","",SUMIFS(الرواتب_الخصومات,الرواتب_الإدارة,$A50)) | H50: =IF($A50="","",SUMIFS(الرواتب_الصافي,الرواتب_الإدارة,$A50)) | I50: =IF($A50="","",IFERROR(AVERAGEIFS(الموظفون_الاساسي,الموظفون_الإدارة,$A50),0))
A51: =IFERROR(INDEX(قائمة_الإدارات,45),"") | B51: =IF($A51="","",COUNTIF(الموظفون_الإدارة,$A51)) | C51: =IF($A51="","",COUNTIFS(الموظفون_الإدارة,$A51,الموظفون_الحالة,"نشط")) | D51: =IF($A51="","",SUMIFS(الموظفون_الاساسي,الموظفون_الإدارة,$A51)) | E51: =IF($A51="","",SUMIFS(الموظفون_البدلات,الموظفون_الإدارة,$A51)) | F51: =IF($A51="","",SUMIFS(الرواتب_الاستحقاقات,الرواتب_الإدارة,$A51)) | G51: =IF($A51="","",SUMIFS(الرواتب_الخصومات,الرواتب_الإدارة,$A51)) | H51: =IF($A51="","",SUMIFS(الرواتب_الصافي,الرواتب_الإدارة,$A51)) | I51: =IF($A51="","",IFERROR(AVERAGEIFS(الموظفون_الاساسي,الموظفون_الإدارة,$A51),0))
A52: =IFERROR(INDEX(قائمة_الإدارات,46),"") | B52: =IF($A52="","",COUNTIF(الموظفون_الإدارة,$A52)) | C52: =IF($A52="","",COUNTIFS(الموظفون_الإدارة,$A52,الموظفون_الحالة,"نشط")) | D52: =IF($A52="","",SUMIFS(الموظفون_الاساسي,الموظفون_الإدارة,$A52)) | E52: =IF($A52="","",SUMIFS(الموظفون_البدلات,الموظفون_الإدارة,$A52)) | F52: =IF($A52="","",SUMIFS(الرواتب_الاستحقاقات,الرواتب_الإدارة,$A52)) | G52: =IF($A52="","",SUMIFS(الرواتب_الخصومات,الرواتب_الإدارة,$A52)) | H52: =IF($A52="","",SUMIFS(الرواتب_الصافي,الرواتب_الإدارة,$A52)) | I52: =IF($A52="","",IFERROR(AVERAGEIFS(الموظفون_الاساسي,الموظفون_الإدارة,$A52),0))
A53: =IFERROR(INDEX(قائمة_الإدارات,47),"") | B53: =IF($A53="","",COUNTIF(الموظفون_الإدارة,$A53)) | C53: =IF($A53="","",COUNTIFS(الموظفون_الإدارة,$A53,الموظفون_الحالة,"نشط")) | D53: =IF($A53="","",SUMIFS(الموظفون_الاساسي,الموظفون_الإدارة,$A53)) | E53: =IF($A53="","",SUMIFS(الموظفون_البدلات,الموظفون_الإدارة,$A53)) | F53: =IF($A53="","",SUMIFS(الرواتب_الاستحقاقات,الرواتب_الإدارة,$A53)) | G53: =IF($A53="","",SUMIFS(الرواتب_الخصومات,الرواتب_الإدارة,$A53)) | H53: =IF($A53="","",SUMIFS(الرواتب_الصافي,الرواتب_الإدارة,$A53)) | I53: =IF($A53="","",IFERROR(AVERAGEIFS(الموظفون_الاساسي,الموظفون_الإدارة,$A53),0))
A54: =IFERROR(INDEX(قائمة_الإدارات,48),"") | B54: =IF($A54="","",COUNTIF(الموظفون_الإدارة,$A54)) | C54: =IF($A54="","",COUNTIFS(الموظفون_الإدارة,$A54,الموظفون_الحالة,"نشط")) | D54: =IF($A54="","",SUMIFS(الموظفون_الاساسي,الموظفون_الإدارة,$A54)) | E54: =IF($A54="","",SUMIFS(الموظفون_البدلات,الموظفون_الإدارة,$A54)) | F54: =IF($A54="","",SUMIFS(الرواتب_الاستحقاقات,الرواتب_الإدارة,$A54)) | G54: =IF($A54="","",SUMIFS(الرواتب_الخصومات,الرواتب_الإدارة,$A54)) | H54: =IF($A54="","",SUMIFS(الرواتب_الصافي,الرواتب_الإدارة,$A54)) | I54: =IF($A54="","",IFERROR(AVERAGEIFS(الموظفون_الاساسي,الموظفون_الإدارة,$A54),0))
A55: =IFERROR(INDEX(قائمة_الإدارات,49),"") | B55: =IF($A55="","",COUNTIF(الموظفون_الإدارة,$A55)) | C55: =IF($A55="","",COUNTIFS(الموظفون_الإدارة,$A55,الموظفون_الحالة,"نشط")) | D55: =IF($A55="","",SUMIFS(الموظفون_الاساسي,الموظفون_الإدارة,$A55)) | E55: =IF($A55="","",SUMIFS(الموظفون_البدلات,الموظفون_الإدارة,$A55)) | F55: =IF($A55="","",SUMIFS(الرواتب_الاستحقاقات,الرواتب_الإدارة,$A55)) | G55: =IF($A55="","",SUMIFS(الرواتب_الخصومات,الرواتب_الإدارة,$A55)) | H55: =IF($A55="","",SUMIFS(الرواتب_الصافي,الرواتب_الإدارة,$A55)) | I55: =IF($A55="","",IFERROR(AVERAGEIFS(الموظفون_الاساسي,الموظفون_الإدارة,$A55),0))
A56: =IFERROR(INDEX(قائمة_الإدارات,50),"") | B56: =IF($A56="","",COUNTIF(الموظفون_الإدارة,$A56)) | C56: =IF($A56="","",COUNTIFS(الموظفون_الإدارة,$A56,الموظفون_الحالة,"نشط")) | D56: =IF($A56="","",SUMIFS(الموظفون_الاساسي,الموظفون_الإدارة,$A56)) | E56: =IF($A56="","",SUMIFS(الموظفون_البدلات,الموظفون_الإدارة,$A56)) | F56: =IF($A56="","",SUMIFS(الرواتب_الاستحقاقات,الرواتب_الإدارة,$A56)) | G56: =IF($A56="","",SUMIFS(الرواتب_الخصومات,الرواتب_الإدارة,$A56)) | H56: =IF($A56="","",SUMIFS(الرواتب_الصافي,الرواتب_الإدارة,$A56)) | I56: =IF($A56="","",IFERROR(AVERAGEIFS(الموظفون_الاساسي,الموظفون_الإدارة,$A56),0))
A57: =IFERROR(INDEX(قائمة_الإدارات,51),"") | B57: =IF($A57="","",COUNTIF(الموظفون_الإدارة,$A57)) | C57: =IF($A57="","",COUNTIFS(الموظفون_الإدارة,$A57,الموظفون_الحالة,"نشط")) | D57: =IF($A57="","",SUMIFS(الموظفون_الاساسي,الموظفون_الإدارة,$A57)) | E57: =IF($A57="","",SUMIFS(الموظفون_البدلات,الموظفون_الإدارة,$A57)) | F57: =IF($A57="","",SUMIFS(الرواتب_الاستحقاقات,الرواتب_الإدارة,$A57)) | G57: =IF($A57="","",SUMIFS(الرواتب_الخصومات,الرواتب_الإدارة,$A57)) | H57: =IF($A57="","",SUMIFS(الرواتب_الصافي,الرواتب_الإدارة,$A57)) | I57: =IF($A57="","",IFERROR(AVERAGEIFS(الموظفون_الاساسي,الموظفون_الإدارة,$A57),0))
A58: =IFERROR(INDEX(قائمة_الإدارات,52),"") | B58: =IF($A58="","",COUNTIF(الموظفون_الإدارة,$A58)) | C58: =IF($A58="","",COUNTIFS(الموظفون_الإدارة,$A58,الموظفون_الحالة,"نشط")) | D58: =IF($A58="","",SUMIFS(الموظفون_الاساسي,الموظفون_الإدارة,$A58)) | E58: =IF($A58="","",SUMIFS(الموظفون_البدلات,الموظفون_الإدارة,$A58)) | F58: =IF($A58="","",SUMIFS(الرواتب_الاستحقاقات,الرواتب_الإدارة,$A58)) | G58: =IF($A58="","",SUMIFS(الرواتب_الخصومات,الرواتب_الإدارة,$A58)) | H58: =IF($A58="","",SUMIFS(الرواتب_الصافي,الرواتب_الإدارة,$A58)) | I58: =IF($A58="","",IFERROR(AVERAGEIFS(الموظفون_الاساسي,الموظفون_الإدارة,$A58),0))
A59: =IFERROR(INDEX(قائمة_الإدارات,53),"") | B59: =IF($A59="","",COUNTIF(الموظفون_الإدارة,$A59)) | C59: =IF($A59="","",COUNTIFS(الموظفون_الإدارة,$A59,الموظفون_الحالة,"نشط")) | D59: =IF($A59="","",SUMIFS(الموظفون_الاساسي,الموظفون_الإدارة,$A59)) | E59: =IF($A59="","",SUMIFS(الموظفون_البدلات,الموظفون_الإدارة,$A59)) | F59: =IF($A59="","",SUMIFS(الرواتب_الاستحقاقات,الرواتب_الإدارة,$A59)) | G59: =IF($A59="","",SUMIFS(الرواتب_الخصومات,الرواتب_الإدارة,$A59)) | H59: =IF($A59="","",SUMIFS(الرواتب_الصافي,الرواتب_الإدارة,$A59)) | I59: =IF($A59="","",IFERROR(AVERAGEIFS(الموظفون_الاساسي,الموظفون_الإدارة,$A59),0))
A60: =IFERROR(INDEX(قائمة_الإدارات,54),"") | B60: =IF($A60="","",COUNTIF(الموظفون_الإدارة,$A60)) | C60: =IF($A60="","",COUNTIFS(الموظفون_الإدارة,$A60,الموظفون_الحالة,"نشط")) | D60: =IF($A60="","",SUMIFS(الموظفون_الاساسي,الموظفون_الإدارة,$A60)) | E60: =IF($A60="","",SUMIFS(الموظفون_البدلات,الموظفون_الإدارة,$A60)) | F60: =IF($A60="","",SUMIFS(الرواتب_الاستحقاقات,الرواتب_الإدارة,$A60)) | G60: =IF($A60="","",SUMIFS(الرواتب_الخصومات,الرواتب_الإدارة,$A60)) | H60: =IF($A60="","",SUMIFS(الرواتب_الصافي,الرواتب_الإدارة,$A60)) | I60: =IF($A60="","",IFERROR(AVERAGEIFS(الموظفون_الاساسي,الموظفون_الإدارة,$A60),0))
A61: =IFERROR(INDEX(قائمة_الإدارات,55),"") | B61: =IF($A61="","",COUNTIF(الموظفون_الإدارة,$A61)) | C61: =IF($A61="","",COUNTIFS(الموظفون_الإدارة,$A61,الموظفون_الحالة,"نشط")) | D61: =IF($A61="","",SUMIFS(الموظفون_الاساسي,الموظفون_الإدارة,$A61)) | E61: =IF($A61="","",SUMIFS(الموظفون_البدلات,الموظفون_الإدارة,$A61)) | F61: =IF($A61="","",SUMIFS(الرواتب_الاستحقاقات,الرواتب_الإدارة,$A61)) | G61: =IF($A61="","",SUMIFS(الرواتب_الخصومات,الرواتب_الإدارة,$A61)) | H61: =IF($A61="","",SUMIFS(الرواتب_الصافي,الرواتب_الإدارة,$A61)) | I61: =IF($A61="","",IFERROR(AVERAGEIFS(الموظفون_الاساسي,الموظفون_الإدارة,$A61),0))
A62: =IFERROR(INDEX(قائمة_الإدارات,56),"") | B62: =IF($A62="","",COUNTIF(الموظفون_الإدارة,$A62)) | C62: =IF($A62="","",COUNTIFS(الموظفون_الإدارة,$A62,الموظفون_الحالة,"نشط")) | D62: =IF($A62="","",SUMIFS(الموظفون_الاساسي,الموظفون_الإدارة,$A62)) | E62: =IF($A62="","",SUMIFS(الموظفون_البدلات,الموظفون_الإدارة,$A62)) | F62: =IF($A62="","",SUMIFS(الرواتب_الاستحقاقات,الرواتب_الإدارة,$A62)) | G62: =IF($A62="","",SUMIFS(الرواتب_الخصومات,الرواتب_الإدارة,$A62)) | H62: =IF($A62="","",SUMIFS(الرواتب_الصافي,الرواتب_الإدارة,$A62)) | I62: =IF($A62="","",IFERROR(AVERAGEIFS(الموظفون_الاساسي,الموظفون_الإدارة,$A62),0))
A63: =IFERROR(INDEX(قائمة_الإدارات,57),"") | B63: =IF($A63="","",COUNTIF(الموظفون_الإدارة,$A63)) | C63: =IF($A63="","",COUNTIFS(الموظفون_الإدارة,$A63,الموظفون_الحالة,"نشط")) | D63: =IF($A63="","",SUMIFS(الموظفون_الاساسي,الموظفون_الإدارة,$A63)) | E63: =IF($A63="","",SUMIFS(الموظفون_البدلات,الموظفون_الإدارة,$A63)) | F63: =IF($A63="","",SUMIFS(الرواتب_الاستحقاقات,الرواتب_الإدارة,$A63)) | G63: =IF($A63="","",SUMIFS(الرواتب_الخصومات,الرواتب_الإدارة,$A63)) | H63: =IF($A63="","",SUMIFS(الرواتب_الصافي,الرواتب_الإدارة,$A63)) | I63: =IF($A63="","",IFERROR(AVERAGEIFS(الموظفون_الاساسي,الموظفون_الإدارة,$A63),0))
A64: =IFERROR(INDEX(قائمة_الإدارات,58),"") | B64: =IF($A64="","",COUNTIF(الموظفون_الإدارة,$A64)) | C64: =IF($A64="","",COUNTIFS(الموظفون_الإدارة,$A64,الموظفون_الحالة,"نشط")) | D64: =IF($A64="","",SUMIFS(الموظفون_الاساسي,الموظفون_الإدارة,$A64)) | E64: =IF($A64="","",SUMIFS(الموظفون_البدلات,الموظفون_الإدارة,$A64)) | F64: =IF($A64="","",SUMIFS(الرواتب_الاستحقاقات,الرواتب_الإدارة,$A64)) | G64: =IF($A64="","",SUMIFS(الرواتب_الخصومات,الرواتب_الإدارة,$A64)) | H64: =IF($A64="","",SUMIFS(الرواتب_الصافي,الرواتب_الإدارة,$A64)) | I64: =IF($A64="","",IFERROR(AVERAGEIFS(الموظفون_الاساسي,الموظفون_الإدارة,$A64),0))
A65: =IFERROR(INDEX(قائمة_الإدارات,59),"") | B65: =IF($A65="","",COUNTIF(الموظفون_الإدارة,$A65)) | C65: =IF($A65="","",COUNTIFS(الموظفون_الإدارة,$A65,الموظفون_الحالة,"نشط")) | D65: =IF($A65="","",SUMIFS(الموظفون_الاساسي,الموظفون_الإدارة,$A65)) | E65: =IF($A65="","",SUMIFS(الموظفون_البدلات,الموظفون_الإدارة,$A65)) | F65: =IF($A65="","",SUMIFS(الرواتب_الاستحقاقات,الرواتب_الإدارة,$A65)) | G65: =IF($A65="","",SUMIFS(الرواتب_الخصومات,الرواتب_الإدارة,$A65)) | H65: =IF($A65="","",SUMIFS(الرواتب_الصافي,الرواتب_الإدارة,$A65)) | I65: =IF($A65="","",IFERROR(AVERAGEIFS(الموظفون_الاساسي,الموظفون_الإدارة,$A65),0))
A66: =IFERROR(INDEX(قائمة_الإدارات,60),"") | B66: =IF($A66="","",COUNTIF(الموظفون_الإدارة,$A66)) | C66: =IF($A66="","",COUNTIFS(الموظفون_الإدارة,$A66,الموظفون_الحالة,"نشط")) | D66: =IF($A66="","",SUMIFS(الموظفون_الاساسي,الموظفون_الإدارة,$A66)) | E66: =IF($A66="","",SUMIFS(الموظفون_البدلات,الموظفون_الإدارة,$A66)) | F66: =IF($A66="","",SUMIFS(الرواتب_الاستحقاقات,الرواتب_الإدارة,$A66)) | G66: =IF($A66="","",SUMIFS(الرواتب_الخصومات,الرواتب_الإدارة,$A66)) | H66: =IF($A66="","",SUMIFS(الرواتب_الصافي,الرواتب_الإدارة,$A66)) | I66: =IF($A66="","",IFERROR(AVERAGEIFS(الموظفون_الاساسي,الموظفون_الإدارة,$A66),0))
A67: =IFERROR(INDEX(قائمة_الإدارات,61),"") | B67: =IF($A67="","",COUNTIF(الموظفون_الإدارة,$A67)) | C67: =IF($A67="","",COUNTIFS(الموظفون_الإدارة,$A67,الموظفون_الحالة,"نشط")) | D67: =IF($A67="","",SUMIFS(الموظفون_الاساسي,الموظفون_الإدارة,$A67)) | E67: =IF($A67="","",SUMIFS(الموظفون_البدلات,الموظفون_الإدارة,$A67)) | F67: =IF($A67="","",SUMIFS(الرواتب_الاستحقاقات,الرواتب_الإدارة,$A67)) | G67: =IF($A67="","",SUMIFS(الرواتب_الخصومات,الرواتب_الإدارة,$A67)) | H67: =IF($A67="","",SUMIFS(الرواتب_الصافي,الرواتب_الإدارة,$A67)) | I67: =IF($A67="","",IFERROR(AVERAGEIFS(الموظفون_الاساسي,الموظفون_الإدارة,$A67),0))
A68: =IFERROR(INDEX(قائمة_الإدارات,62),"") | B68: =IF($A68="","",COUNTIF(الموظفون_الإدارة,$A68)) | C68: =IF($A68="","",COUNTIFS(الموظفون_الإدارة,$A68,الموظفون_الحالة,"نشط")) | D68: =IF($A68="","",SUMIFS(الموظفون_الاساسي,الموظفون_الإدارة,$A68)) | E68: =IF($A68="","",SUMIFS(الموظفون_البدلات,الموظفون_الإدارة,$A68)) | F68: =IF($A68="","",SUMIFS(الرواتب_الاستحقاقات,الرواتب_الإدارة,$A68)) | G68: =IF($A68="","",SUMIFS(الرواتب_الخصومات,الرواتب_الإدارة,$A68)) | H68: =IF($A68="","",SUMIFS(الرواتب_الصافي,الرواتب_الإدارة,$A68)) | I68: =IF($A68="","",IFERROR(AVERAGEIFS(الموظفون_الاساسي,الموظفون_الإدارة,$A68),0))
A69: =IFERROR(INDEX(قائمة_الإدارات,63),"") | B69: =IF($A69="","",COUNTIF(الموظفون_الإدارة,$A69)) | C69: =IF($A69="","",COUNTIFS(الموظفون_الإدارة,$A69,الموظفون_الحالة,"نشط")) | D69: =IF($A69="","",SUMIFS(الموظفون_الاساسي,الموظفون_الإدارة,$A69)) | E69: =IF($A69="","",SUMIFS(الموظفون_البدلات,الموظفون_الإدارة,$A69)) | F69: =IF($A69="","",SUMIFS(الرواتب_الاستحقاقات,الرواتب_الإدارة,$A69)) | G69: =IF($A69="","",SUMIFS(الرواتب_الخصومات,الرواتب_الإدارة,$A69)) | H69: =IF($A69="","",SUMIFS(الرواتب_الصافي,الرواتب_الإدارة,$A69)) | I69: =IF($A69="","",IFERROR(AVERAGEIFS(الموظفون_الاساسي,الموظفون_الإدارة,$A69),0))
A70: =IFERROR(INDEX(قائمة_الإدارات,64),"") | B70: =IF($A70="","",COUNTIF(الموظفون_الإدارة,$A70)) | C70: =IF($A70="","",COUNTIFS(الموظفون_الإدارة,$A70,الموظفون_الحالة,"نشط")) | D70: =IF($A70="","",SUMIFS(الموظفون_الاساسي,الموظفون_الإدارة,$A70)) | E70: =IF($A70="","",SUMIFS(الموظفون_البدلات,الموظفون_الإدارة,$A70)) | F70: =IF($A70="","",SUMIFS(الرواتب_الاستحقاقات,الرواتب_الإدارة,$A70)) | G70: =IF($A70="","",SUMIFS(الرواتب_الخصومات,الرواتب_الإدارة,$A70)) | H70: =IF($A70="","",SUMIFS(الرواتب_الصافي,الرواتب_الإدارة,$A70)) | I70: =IF($A70="","",IFERROR(AVERAGEIFS(الموظفون_الاساسي,الموظفون_الإدارة,$A70),0))
A71: =IFERROR(INDEX(قائمة_الإدارات,65),"") | B71: =IF($A71="","",COUNTIF(الموظفون_الإدارة,$A71)) | C71: =IF($A71="","",COUNTIFS(الموظفون_الإدارة,$A71,الموظفون_الحالة,"نشط")) | D71: =IF($A71="","",SUMIFS(الموظفون_الاساسي,الموظفون_الإدارة,$A71)) | E71: =IF($A71="","",SUMIFS(الموظفون_البدلات,الموظفون_الإدارة,$A71)) | F71: =IF($A71="","",SUMIFS(الرواتب_الاستحقاقات,الرواتب_الإدارة,$A71)) | G71: =IF($A71="","",SUMIFS(الرواتب_الخصومات,الرواتب_الإدارة,$A71)) | H71: =IF($A71="","",SUMIFS(الرواتب_الصافي,الرواتب_الإدارة,$A71)) | I71: =IF($A71="","",IFERROR(AVERAGEIFS(الموظفون_الاساسي,الموظفون_الإدارة,$A71),0))
A72: =IFERROR(INDEX(قائمة_الإدارات,66),"") | B72: =IF($A72="","",COUNTIF(الموظفون_الإدارة,$A72)) | C72: =IF($A72="","",COUNTIFS(الموظفون_الإدارة,$A72,الموظفون_الحالة,"نشط")) | D72: =IF($A72="","",SUMIFS(الموظفون_الاساسي,الموظفون_الإدارة,$A72)) | E72: =IF($A72="","",SUMIFS(الموظفون_البدلات,الموظفون_الإدارة,$A72)) | F72: =IF($A72="","",SUMIFS(الرواتب_الاستحقاقات,الرواتب_الإدارة,$A72)) | G72: =IF($A72="","",SUMIFS(الرواتب_الخصومات,الرواتب_الإدارة,$A72)) | H72: =IF($A72="","",SUMIFS(الرواتب_الصافي,الرواتب_الإدارة,$A72)) | I72: =IF($A72="","",IFERROR(AVERAGEIFS(الموظفون_الاساسي,الموظفون_الإدارة,$A72),0))
A73: =IFERROR(INDEX(قائمة_الإدارات,67),"") | B73: =IF($A73="","",COUNTIF(الموظفون_الإدارة,$A73)) | C73: =IF($A73="","",COUNTIFS(الموظفون_الإدارة,$A73,الموظفون_الحالة,"نشط")) | D73: =IF($A73="","",SUMIFS(الموظفون_الاساسي,الموظفون_الإدارة,$A73)) | E73: =IF($A73="","",SUMIFS(الموظفون_البدلات,الموظفون_الإدارة,$A73)) | F73: =IF($A73="","",SUMIFS(الرواتب_الاستحقاقات,الرواتب_الإدارة,$A73)) | G73: =IF($A73="","",SUMIFS(الرواتب_الخصومات,الرواتب_الإدارة,$A73)) | H73: =IF($A73="","",SUMIFS(الرواتب_الصافي,الرواتب_الإدارة,$A73)) | I73: =IF($A73="","",IFERROR(AVERAGEIFS(الموظفون_الاساسي,الموظفون_الإدارة,$A73),0))
A74: =IFERROR(INDEX(قائمة_الإدارات,68),"") | B74: =IF($A74="","",COUNTIF(الموظفون_الإدارة,$A74)) | C74: =IF($A74="","",COUNTIFS(الموظفون_الإدارة,$A74,الموظفون_الحالة,"نشط")) | D74: =IF($A74="","",SUMIFS(الموظفون_الاساسي,الموظفون_الإدارة,$A74)) | E74: =IF($A74="","",SUMIFS(الموظفون_البدلات,الموظفون_الإدارة,$A74)) | F74: =IF($A74="","",SUMIFS(الرواتب_الاستحقاقات,الرواتب_الإدارة,$A74)) | G74: =IF($A74="","",SUMIFS(الرواتب_الخصومات,الرواتب_الإدارة,$A74)) | H74: =IF($A74="","",SUMIFS(الرواتب_الصافي,الرواتب_الإدارة,$A74)) | I74: =IF($A74="","",IFERROR(AVERAGEIFS(الموظفون_الاساسي,الموظفون_الإدارة,$A74),0))
A75: =IFERROR(INDEX(قائمة_الإدارات,69),"") | B75: =IF($A75="","",COUNTIF(الموظفون_الإدارة,$A75)) | C75: =IF($A75="","",COUNTIFS(الموظفون_الإدارة,$A75,الموظفون_الحالة,"نشط")) | D75: =IF($A75="","",SUMIFS(الموظفون_الاساسي,الموظفون_الإدارة,$A75)) | E75: =IF($A75="","",SUMIFS(الموظفون_البدلات,الموظفون_الإدارة,$A75)) | F75: =IF($A75="","",SUMIFS(الرواتب_الاستحقاقات,الرواتب_الإدارة,$A75)) | G75: =IF($A75="","",SUMIFS(الرواتب_الخصومات,الرواتب_الإدارة,$A75)) | H75: =IF($A75="","",SUMIFS(الرواتب_الصافي,الرواتب_الإدارة,$A75)) | I75: =IF($A75="","",IFERROR(AVERAGEIFS(الموظفون_الاساسي,الموظفون_الإدارة,$A75),0))
A76: =IFERROR(INDEX(قائمة_الإدارات,70),"") | B76: =IF($A76="","",COUNTIF(الموظفون_الإدارة,$A76)) | C76: =IF($A76="","",COUNTIFS(الموظفون_الإدارة,$A76,الموظفون_الحالة,"نشط")) | D76: =IF($A76="","",SUMIFS(الموظفون_الاساسي,الموظفون_الإدارة,$A76)) | E76: =IF($A76="","",SUMIFS(الموظفون_البدلات,الموظفون_الإدارة,$A76)) | F76: =IF($A76="","",SUMIFS(الرواتب_الاستحقاقات,الرواتب_الإدارة,$A76)) | G76: =IF($A76="","",SUMIFS(الرواتب_الخصومات,الرواتب_الإدارة,$A76)) | H76: =IF($A76="","",SUMIFS(الرواتب_الصافي,الرواتب_الإدارة,$A76)) | I76: =IF($A76="","",IFERROR(AVERAGEIFS(الموظفون_الاساسي,الموظفون_الإدارة,$A76),0))
A77: =IFERROR(INDEX(قائمة_الإدارات,71),"") | B77: =IF($A77="","",COUNTIF(الموظفون_الإدارة,$A77)) | C77: =IF($A77="","",COUNTIFS(الموظفون_الإدارة,$A77,الموظفون_الحالة,"نشط")) | D77: =IF($A77="","",SUMIFS(الموظفون_الاساسي,الموظفون_الإدارة,$A77)) | E77: =IF($A77="","",SUMIFS(الموظفون_البدلات,الموظفون_الإدارة,$A77)) | F77: =IF($A77="","",SUMIFS(الرواتب_الاستحقاقات,الرواتب_الإدارة,$A77)) | G77: =IF($A77="","",SUMIFS(الرواتب_الخصومات,الرواتب_الإدارة,$A77)) | H77: =IF($A77="","",SUMIFS(الرواتب_الصافي,الرواتب_الإدارة,$A77)) | I77: =IF($A77="","",IFERROR(AVERAGEIFS(الموظفون_الاساسي,الموظفون_الإدارة,$A77),0))
A78: =IFERROR(INDEX(قائمة_الإدارات,72),"") | B78: =IF($A78="","",COUNTIF(الموظفون_الإدارة,$A78)) | C78: =IF($A78="","",COUNTIFS(الموظفون_الإدارة,$A78,الموظفون_الحالة,"نشط")) | D78: =IF($A78="","",SUMIFS(الموظفون_الاساسي,الموظفون_الإدارة,$A78)) | E78: =IF($A78="","",SUMIFS(الموظفون_البدلات,الموظفون_الإدارة,$A78)) | F78: =IF($A78="","",SUMIFS(الرواتب_الاستحقاقات,الرواتب_الإدارة,$A78)) | G78: =IF($A78="","",SUMIFS(الرواتب_الخصومات,الرواتب_الإدارة,$A78)) | H78: =IF($A78="","",SUMIFS(الرواتب_الصافي,الرواتب_الإدارة,$A78)) | I78: =IF($A78="","",IFERROR(AVERAGEIFS(الموظفون_الاساسي,الموظفون_الإدارة,$A78),0))
A79: =IFERROR(INDEX(قائمة_الإدارات,73),"") | B79: =IF($A79="","",COUNTIF(الموظفون_الإدارة,$A79)) | C79: =IF($A79="","",COUNTIFS(الموظفون_الإدارة,$A79,الموظفون_الحالة,"نشط")) | D79: =IF($A79="","",SUMIFS(الموظفون_الاساسي,الموظفون_الإدارة,$A79)) | E79: =IF($A79="","",SUMIFS(الموظفون_البدلات,الموظفون_الإدارة,$A79)) | F79: =IF($A79="","",SUMIFS(الرواتب_الاستحقاقات,الرواتب_الإدارة,$A79)) | G79: =IF($A79="","",SUMIFS(الرواتب_الخصومات,الرواتب_الإدارة,$A79)) | H79: =IF($A79="","",SUMIFS(الرواتب_الصافي,الرواتب_الإدارة,$A79)) | I79: =IF($A79="","",IFERROR(AVERAGEIFS(الموظفون_الاساسي,الموظفون_الإدارة,$A79),0))
A80: =IFERROR(INDEX(قائمة_الإدارات,74),"") | B80: =IF($A80="","",COUNTIF(الموظفون_الإدارة,$A80)) | C80: =IF($A80="","",COUNTIFS(الموظفون_الإدارة,$A80,الموظفون_الحالة,"نشط")) | D80: =IF($A80="","",SUMIFS(الموظفون_الاساسي,الموظفون_الإدارة,$A80)) | E80: =IF($A80="","",SUMIFS(الموظفون_البدلات,الموظفون_الإدارة,$A80)) | F80: =IF($A80="","",SUMIFS(الرواتب_الاستحقاقات,الرواتب_الإدارة,$A80)) | G80: =IF($A80="","",SUMIFS(الرواتب_الخصومات,الرواتب_الإدارة,$A80)) | H80: =IF($A80="","",SUMIFS(الرواتب_الصافي,الرواتب_الإدارة,$A80)) | I80: =IF($A80="","",IFERROR(AVERAGEIFS(الموظفون_الاساسي,الموظفون_الإدارة,$A80),0))
A81: =IFERROR(INDEX(قائمة_الإدارات,75),"") | B81: =IF($A81="","",COUNTIF(الموظفون_الإدارة,$A81)) | C81: =IF($A81="","",COUNTIFS(الموظفون_الإدارة,$A81,الموظفون_الحالة,"نشط")) | D81: =IF($A81="","",SUMIFS(الموظفون_الاساسي,الموظفون_الإدارة,$A81)) | E81: =IF($A81="","",SUMIFS(الموظفون_البدلات,الموظفون_الإدارة,$A81)) | F81: =IF($A81="","",SUMIFS(الرواتب_الاستحقاقات,الرواتب_الإدارة,$A81)) | G81: =IF($A81="","",SUMIFS(الرواتب_الخصومات,الرواتب_الإدارة,$A81)) | H81: =IF($A81="","",SUMIFS(الرواتب_الصافي,الرواتب_الإدارة,$A81)) | I81: =IF($A81="","",IFERROR(AVERAGEIFS(الموظفون_الاساسي,الموظفون_الإدارة,$A81),0))
A82: =IFERROR(INDEX(قائمة_الإدارات,76),"") | B82: =IF($A82="","",COUNTIF(الموظفون_الإدارة,$A82)) | C82: =IF($A82="","",COUNTIFS(الموظفون_الإدارة,$A82,الموظفون_الحالة,"نشط")) | D82: =IF($A82="","",SUMIFS(الموظفون_الاساسي,الموظفون_الإدارة,$A82)) | E82: =IF($A82="","",SUMIFS(الموظفون_البدلات,الموظفون_الإدارة,$A82)) | F82: =IF($A82="","",SUMIFS(الرواتب_الاستحقاقات,الرواتب_الإدارة,$A82)) | G82: =IF($A82="","",SUMIFS(الرواتب_الخصومات,الرواتب_الإدارة,$A82)) | H82: =IF($A82="","",SUMIFS(الرواتب_الصافي,الرواتب_الإدارة,$A82)) | I82: =IF($A82="","",IFERROR(AVERAGEIFS(الموظفون_الاساسي,الموظفون_الإدارة,$A82),0))
A83: =IFERROR(INDEX(قائمة_الإدارات,77),"") | B83: =IF($A83="","",COUNTIF(الموظفون_الإدارة,$A83)) | C83: =IF($A83="","",COUNTIFS(الموظفون_الإدارة,$A83,الموظفون_الحالة,"نشط")) | D83: =IF($A83="","",SUMIFS(الموظفون_الاساسي,الموظفون_الإدارة,$A83)) | E83: =IF($A83="","",SUMIFS(الموظفون_البدلات,الموظفون_الإدارة,$A83)) | F83: =IF($A83="","",SUMIFS(الرواتب_الاستحقاقات,الرواتب_الإدارة,$A83)) | G83: =IF($A83="","",SUMIFS(الرواتب_الخصومات,الرواتب_الإدارة,$A83)) | H83: =IF($A83="","",SUMIFS(الرواتب_الصافي,الرواتب_الإدارة,$A83)) | I83: =IF($A83="","",IFERROR(AVERAGEIFS(الموظفون_الاساسي,الموظفون_الإدارة,$A83),0))
A84: =IFERROR(INDEX(قائمة_الإدارات,78),"") | B84: =IF($A84="","",COUNTIF(الموظفون_الإدارة,$A84)) | C84: =IF($A84="","",COUNTIFS(الموظفون_الإدارة,$A84,الموظفون_الحالة,"نشط")) | D84: =IF($A84="","",SUMIFS(الموظفون_الاساسي,الموظفون_الإدارة,$A84)) | E84: =IF($A84="","",SUMIFS(الموظفون_البدلات,الموظفون_الإدارة,$A84)) | F84: =IF($A84="","",SUMIFS(الرواتب_الاستحقاقات,الرواتب_الإدارة,$A84)) | G84: =IF($A84="","",SUMIFS(الرواتب_الخصومات,الرواتب_الإدارة,$A84)) | H84: =IF($A84="","",SUMIFS(الرواتب_الصافي,الرواتب_الإدارة,$A84)) | I84: =IF($A84="","",IFERROR(AVERAGEIFS(الموظفون_الاساسي,الموظفون_الإدارة,$A84),0))
A85: =IFERROR(INDEX(قائمة_الإدارات,79),"") | B85: =IF($A85="","",COUNTIF(الموظفون_الإدارة,$A85)) | C85: =IF($A85="","",COUNTIFS(الموظفون_الإدارة,$A85,الموظفون_الحالة,"نشط")) | D85: =IF($A85="","",SUMIFS(الموظفون_الاساسي,الموظفون_الإدارة,$A85)) | E85: =IF($A85="","",SUMIFS(الموظفون_البدلات,الموظفون_الإدارة,$A85)) | F85: =IF($A85="","",SUMIFS(الرواتب_الاستحقاقات,الرواتب_الإدارة,$A85)) | G85: =IF($A85="","",SUMIFS(الرواتب_الخصومات,الرواتب_الإدارة,$A85)) | H85: =IF($A85="","",SUMIFS(الرواتب_الصافي,الرواتب_الإدارة,$A85)) | I85: =IF($A85="","",IFERROR(AVERAGEIFS(الموظفون_الاساسي,الموظفون_الإدارة,$A85),0))
A86: =IFERROR(INDEX(قائمة_الإدارات,80),"") | B86: =IF($A86="","",COUNTIF(الموظفون_الإدارة,$A86)) | C86: =IF($A86="","",COUNTIFS(الموظفون_الإدارة,$A86,الموظفون_الحالة,"نشط")) | D86: =IF($A86="","",SUMIFS(الموظفون_الاساسي,الموظفون_الإدارة,$A86)) | E86: =IF($A86="","",SUMIFS(الموظفون_البدلات,الموظفون_الإدارة,$A86)) | F86: =IF($A86="","",SUMIFS(الرواتب_الاستحقاقات,الرواتب_الإدارة,$A86)) | G86: =IF($A86="","",SUMIFS(الرواتب_الخصومات,الرواتب_الإدارة,$A86)) | H86: =IF($A86="","",SUMIFS(الرواتب_الصافي,الرواتب_الإدارة,$A86)) | I86: =IF($A86="","",IFERROR(AVERAGEIFS(الموظفون_الاساسي,الموظفون_الإدارة,$A86),0))
A87: =IFERROR(INDEX(قائمة_الإدارات,81),"") | B87: =IF($A87="","",COUNTIF(الموظفون_الإدارة,$A87)) | C87: =IF($A87="","",COUNTIFS(الموظفون_الإدارة,$A87,الموظفون_الحالة,"نشط")) | D87: =IF($A87="","",SUMIFS(الموظفون_الاساسي,الموظفون_الإدارة,$A87)) | E87: =IF($A87="","",SUMIFS(الموظفون_البدلات,الموظفون_الإدارة,$A87)) | F87: =IF($A87="","",SUMIFS(الرواتب_الاستحقاقات,الرواتب_الإدارة,$A87)) | G87: =IF($A87="","",SUMIFS(الرواتب_الخصومات,الرواتب_الإدارة,$A87)) | H87: =IF($A87="","",SUMIFS(الرواتب_الصافي,الرواتب_الإدارة,$A87)) | I87: =IF($A87="","",IFERROR(AVERAGEIFS(الموظفون_الاساسي,الموظفون_الإدارة,$A87),0))
A88: =IFERROR(INDEX(قائمة_الإدارات,82),"") | B88: =IF($A88="","",COUNTIF(الموظفون_الإدارة,$A88)) | C88: =IF($A88="","",COUNTIFS(الموظفون_الإدارة,$A88,الموظفون_الحالة,"نشط")) | D88: =IF($A88="","",SUMIFS(الموظفون_الاساسي,الموظفون_الإدارة,$A88)) | E88: =IF($A88="","",SUMIFS(الموظفون_البدلات,الموظفون_الإدارة,$A88)) | F88: =IF($A88="","",SUMIFS(الرواتب_الاستحقاقات,الرواتب_الإدارة,$A88)) | G88: =IF($A88="","",SUMIFS(الرواتب_الخصومات,الرواتب_الإدارة,$A88)) | H88: =IF($A88="","",SUMIFS(الرواتب_الصافي,الرواتب_الإدارة,$A88)) | I88: =IF($A88="","",IFERROR(AVERAGEIFS(الموظفون_الاساسي,الموظفون_الإدارة,$A88),0))
A89: =IFERROR(INDEX(قائمة_الإدارات,83),"") | B89: =IF($A89="","",COUNTIF(الموظفون_الإدارة,$A89)) | C89: =IF($A89="","",COUNTIFS(الموظفون_الإدارة,$A89,الموظفون_الحالة,"نشط")) | D89: =IF($A89="","",SUMIFS(الموظفون_الاساسي,الموظفون_الإدارة,$A89)) | E89: =IF($A89="","",SUMIFS(الموظفون_البدلات,الموظفون_الإدارة,$A89)) | F89: =IF($A89="","",SUMIFS(الرواتب_الاستحقاقات,الرواتب_الإدارة,$A89)) | G89: =IF($A89="","",SUMIFS(الرواتب_الخصومات,الرواتب_الإدارة,$A89)) | H89: =IF($A89="","",SUMIFS(الرواتب_الصافي,الرواتب_الإدارة,$A89)) | I89: =IF($A89="","",IFERROR(AVERAGEIFS(الموظفون_الاساسي,الموظفون_الإدارة,$A89),0))
A90: =IFERROR(INDEX(قائمة_الإدارات,84),"") | B90: =IF($A90="","",COUNTIF(الموظفون_الإدارة,$A90)) | C90: =IF($A90="","",COUNTIFS(الموظفون_الإدارة,$A90,الموظفون_الحالة,"نشط")) | D90: =IF($A90="","",SUMIFS(الموظفون_الاساسي,الموظفون_الإدارة,$A90)) | E90: =IF($A90="","",SUMIFS(الموظفون_البدلات,الموظفون_الإدارة,$A90)) | F90: =IF($A90="","",SUMIFS(الرواتب_الاستحقاقات,الرواتب_الإدارة,$A90)) | G90: =IF($A90="","",SUMIFS(الرواتب_الخصومات,الرواتب_الإدارة,$A90)) | H90: =IF($A90="","",SUMIFS(الرواتب_الصافي,الرواتب_الإدارة,$A90)) | I90: =IF($A90="","",IFERROR(AVERAGEIFS(الموظفون_الاساسي,الموظفون_الإدارة,$A90),0))
A91: =IFERROR(INDEX(قائمة_الإدارات,85),"") | B91: =IF($A91="","",COUNTIF(الموظفون_الإدارة,$A91)) | C91: =IF($A91="","",COUNTIFS(الموظفون_الإدارة,$A91,الموظفون_الحالة,"نشط")) | D91: =IF($A91="","",SUMIFS(الموظفون_الاساسي,الموظفون_الإدارة,$A91)) | E91: =IF($A91="","",SUMIFS(الموظفون_البدلات,الموظفون_الإدارة,$A91)) | F91: =IF($A91="","",SUMIFS(الرواتب_الاستحقاقات,الرواتب_الإدارة,$A91)) | G91: =IF($A91="","",SUMIFS(الرواتب_الخصومات,الرواتب_الإدارة,$A91)) | H91: =IF($A91="","",SUMIFS(الرواتب_الصافي,الرواتب_الإدارة,$A91)) | I91: =IF($A91="","",IFERROR(AVERAGEIFS(الموظفون_الاساسي,الموظفون_الإدارة,$A91),0))
A92: =IFERROR(INDEX(قائمة_الإدارات,86),"") | B92: =IF($A92="","",COUNTIF(الموظفون_الإدارة,$A92)) | C92: =IF($A92="","",COUNTIFS(الموظفون_الإدارة,$A92,الموظفون_الحالة,"نشط")) | D92: =IF($A92="","",SUMIFS(الموظفون_الاساسي,الموظفون_الإدارة,$A92)) | E92: =IF($A92="","",SUMIFS(الموظفون_البدلات,الموظفون_الإدارة,$A92)) | F92: =IF($A92="","",SUMIFS(الرواتب_الاستحقاقات,الرواتب_الإدارة,$A92)) | G92: =IF($A92="","",SUMIFS(الرواتب_الخصومات,الرواتب_الإدارة,$A92)) | H92: =IF($A92="","",SUMIFS(الرواتب_الصافي,الرواتب_الإدارة,$A92)) | I92: =IF($A92="","",IFERROR(AVERAGEIFS(الموظفون_الاساسي,الموظفون_الإدارة,$A92),0))
A93: =IFERROR(INDEX(قائمة_الإدارات,87),"") | B93: =IF($A93="","",COUNTIF(الموظفون_الإدارة,$A93)) | C93: =IF($A93="","",COUNTIFS(الموظفون_الإدارة,$A93,الموظفون_الحالة,"نشط")) | D93: =IF($A93="","",SUMIFS(الموظفون_الاساسي,الموظفون_الإدارة,$A93)) | E93: =IF($A93="","",SUMIFS(الموظفون_البدلات,الموظفون_الإدارة,$A93)) | F93: =IF($A93="","",SUMIFS(الرواتب_الاستحقاقات,الرواتب_الإدارة,$A93)) | G93: =IF($A93="","",SUMIFS(الرواتب_الخصومات,الرواتب_الإدارة,$A93)) | H93: =IF($A93="","",SUMIFS(الرواتب_الصافي,الرواتب_الإدارة,$A93)) | I93: =IF($A93="","",IFERROR(AVERAGEIFS(الموظفون_الاساسي,الموظفون_الإدارة,$A93),0))
A94: =IFERROR(INDEX(قائمة_الإدارات,88),"") | B94: =IF($A94="","",COUNTIF(الموظفون_الإدارة,$A94)) | C94: =IF($A94="","",COUNTIFS(الموظفون_الإدارة,$A94,الموظفون_الحالة,"نشط")) | D94: =IF($A94="","",SUMIFS(الموظفون_الاساسي,الموظفون_الإدارة,$A94)) | E94: =IF($A94="","",SUMIFS(الموظفون_البدلات,الموظفون_الإدارة,$A94)) | F94: =IF($A94="","",SUMIFS(الرواتب_الاستحقاقات,الرواتب_الإدارة,$A94)) | G94: =IF($A94="","",SUMIFS(الرواتب_الخصومات,الرواتب_الإدارة,$A94)) | H94: =IF($A94="","",SUMIFS(الرواتب_الصافي,الرواتب_الإدارة,$A94)) | I94: =IF($A94="","",IFERROR(AVERAGEIFS(الموظفون_الاساسي,الموظفون_الإدارة,$A94),0))
A95: =IFERROR(INDEX(قائمة_الإدارات,89),"") | B95: =IF($A95="","",COUNTIF(الموظفون_الإدارة,$A95)) | C95: =IF($A95="","",COUNTIFS(الموظفون_الإدارة,$A95,الموظفون_الحالة,"نشط")) | D95: =IF($A95="","",SUMIFS(الموظفون_الاساسي,الموظفون_الإدارة,$A95)) | E95: =IF($A95="","",SUMIFS(الموظفون_البدلات,الموظفون_الإدارة,$A95)) | F95: =IF($A95="","",SUMIFS(الرواتب_الاستحقاقات,الرواتب_الإدارة,$A95)) | G95: =IF($A95="","",SUMIFS(الرواتب_الخصومات,الرواتب_الإدارة,$A95)) | H95: =IF($A95="","",SUMIFS(الرواتب_الصافي,الرواتب_الإدارة,$A95)) | I95: =IF($A95="","",IFERROR(AVERAGEIFS(الموظفون_الاساسي,الموظفون_الإدارة,$A95),0))
A96: =IFERROR(INDEX(قائمة_الإدارات,90),"") | B96: =IF($A96="","",COUNTIF(الموظفون_الإدارة,$A96)) | C96: =IF($A96="","",COUNTIFS(الموظفون_الإدارة,$A96,الموظفون_الحالة,"نشط")) | D96: =IF($A96="","",SUMIFS(الموظفون_الاساسي,الموظفون_الإدارة,$A96)) | E96: =IF($A96="","",SUMIFS(الموظفون_البدلات,الموظفون_الإدارة,$A96)) | F96: =IF($A96="","",SUMIFS(الرواتب_الاستحقاقات,الرواتب_الإدارة,$A96)) | G96: =IF($A96="","",SUMIFS(الرواتب_الخصومات,الرواتب_الإدارة,$A96)) | H96: =IF($A96="","",SUMIFS(الرواتب_الصافي,الرواتب_الإدارة,$A96)) | I96: =IF($A96="","",IFERROR(AVERAGEIFS(الموظفون_الاساسي,الموظفون_الإدارة,$A96),0))
A97: =IFERROR(INDEX(قائمة_الإدارات,91),"") | B97: =IF($A97="","",COUNTIF(الموظفون_الإدارة,$A97)) | C97: =IF($A97="","",COUNTIFS(الموظفون_الإدارة,$A97,الموظفون_الحالة,"نشط")) | D97: =IF($A97="","",SUMIFS(الموظفون_الاساسي,الموظفون_الإدارة,$A97)) | E97: =IF($A97="","",SUMIFS(الموظفون_البدلات,الموظفون_الإدارة,$A97)) | F97: =IF($A97="","",SUMIFS(الرواتب_الاستحقاقات,الرواتب_الإدارة,$A97)) | G97: =IF($A97="","",SUMIFS(الرواتب_الخصومات,الرواتب_الإدارة,$A97)) | H97: =IF($A97="","",SUMIFS(الرواتب_الصافي,الرواتب_الإدارة,$A97)) | I97: =IF($A97="","",IFERROR(AVERAGEIFS(الموظفون_الاساسي,الموظفون_الإدارة,$A97),0))
A98: =IFERROR(INDEX(قائمة_الإدارات,92),"") | B98: =IF($A98="","",COUNTIF(الموظفون_الإدارة,$A98)) | C98: =IF($A98="","",COUNTIFS(الموظفون_الإدارة,$A98,الموظفون_الحالة,"نشط")) | D98: =IF($A98="","",SUMIFS(الموظفون_الاساسي,الموظفون_الإدارة,$A98)) | E98: =IF($A98="","",SUMIFS(الموظفون_البدلات,الموظفون_الإدارة,$A98)) | F98: =IF($A98="","",SUMIFS(الرواتب_الاستحقاقات,الرواتب_الإدارة,$A98)) | G98: =IF($A98="","",SUMIFS(الرواتب_الخصومات,الرواتب_الإدارة,$A98)) | H98: =IF($A98="","",SUMIFS(الرواتب_الصافي,الرواتب_الإدارة,$A98)) | I98: =IF($A98="","",IFERROR(AVERAGEIFS(الموظفون_الاساسي,الموظفون_الإدارة,$A98),0))
A99: =IFERROR(INDEX(قائمة_الإدارات,93),"") | B99: =IF($A99="","",COUNTIF(الموظفون_الإدارة,$A99)) | C99: =IF($A99="","",COUNTIFS(الموظفون_الإدارة,$A99,الموظفون_الحالة,"نشط")) | D99: =IF($A99="","",SUMIFS(الموظفون_الاساسي,الموظفون_الإدارة,$A99)) | E99: =IF($A99="","",SUMIFS(الموظفون_البدلات,الموظفون_الإدارة,$A99)) | F99: =IF($A99="","",SUMIFS(الرواتب_الاستحقاقات,الرواتب_الإدارة,$A99)) | G99: =IF($A99="","",SUMIFS(الرواتب_الخصومات,الرواتب_الإدارة,$A99)) | H99: =IF($A99="","",SUMIFS(الرواتب_الصافي,الرواتب_الإدارة,$A99)) | I99: =IF($A99="","",IFERROR(AVERAGEIFS(الموظفون_الاساسي,الموظفون_الإدارة,$A99),0))
A100: =IFERROR(INDEX(قائمة_الإدارات,94),"") | B100: =IF($A100="","",COUNTIF(الموظفون_الإدارة,$A100)) | C100: =IF($A100="","",COUNTIFS(الموظفون_الإدارة,$A100,الموظفون_الحالة,"نشط")) | D100: =IF($A100="","",SUMIFS(الموظفون_الاساسي,الموظفون_الإدارة,$A100)) | E100: =IF($A100="","",SUMIFS(الموظفون_البدلات,الموظفون_الإدارة,$A100)) | F100: =IF($A100="","",SUMIFS(الرواتب_الاستحقاقات,الرواتب_الإدارة,$A100)) | G100: =IF($A100="","",SUMIFS(الرواتب_الخصومات,الرواتب_الإدارة,$A100)) | H100: =IF($A100="","",SUMIFS(الرواتب_الصافي,الرواتب_الإدارة,$A100)) | I100: =IF($A100="","",IFERROR(AVERAGEIFS(الموظفون_الاساسي,الموظفون_الإدارة,$A100),0))
A101: =IFERROR(INDEX(قائمة_الإدارات,95),"") | B101: =IF($A101="","",COUNTIF(الموظفون_الإدارة,$A101)) | C101: =IF($A101="","",COUNTIFS(الموظفون_الإدارة,$A101,الموظفون_الحالة,"نشط")) | D101: =IF($A101="","",SUMIFS(الموظفون_الاساسي,الموظفون_الإدارة,$A101)) | E101: =IF($A101="","",SUMIFS(الموظفون_البدلات,الموظفون_الإدارة,$A101)) | F101: =IF($A101="","",SUMIFS(الرواتب_الاستحقاقات,الرواتب_الإدارة,$A101)) | G101: =IF($A101="","",SUMIFS(الرواتب_الخصومات,الرواتب_الإدارة,$A101)) | H101: =IF($A101="","",SUMIFS(الرواتب_الصافي,الرواتب_الإدارة,$A101)) | I101: =IF($A101="","",IFERROR(AVERAGEIFS(الموظفون_الاساسي,الموظفون_الإدارة,$A101),0))
A102: =IFERROR(INDEX(قائمة_الإدارات,96),"") | B102: =IF($A102="","",COUNTIF(الموظفون_الإدارة,$A102)) | C102: =IF($A102="","",COUNTIFS(الموظفون_الإدارة,$A102,الموظفون_الحالة,"نشط")) | D102: =IF($A102="","",SUMIFS(الموظفون_الاساسي,الموظفون_الإدارة,$A102)) | E102: =IF($A102="","",SUMIFS(الموظفون_البدلات,الموظفون_الإدارة,$A102)) | F102: =IF($A102="","",SUMIFS(الرواتب_الاستحقاقات,الرواتب_الإدارة,$A102)) | G102: =IF($A102="","",SUMIFS(الرواتب_الخصومات,الرواتب_الإدارة,$A102)) | H102: =IF($A102="","",SUMIFS(الرواتب_الصافي,الرواتب_الإدارة,$A102)) | I102: =IF($A102="","",IFERROR(AVERAGEIFS(الموظفون_الاساسي,الموظفون_الإدارة,$A102),0))
...

Sheet تقرير الحضور
A1: =اسم_المؤسسة
A2: تقرير الحضور والانصراف
A3: ="تاريخ إعداد التقرير: "&TEXT(TODAY(),"yyyy-mm-dd") | F3: ="السنة المالية: "&السنة_المالية
A6: الرقم الوظيفي | B6: اسم الموظف | C6: التاريخ | D6: يوم الأسبوع | E6: الحضور | F6: الانصراف | G6: ساعات العمل | H6: ساعات التأخير | I6: انصراف مبكر | J6: إضافي | K6: حالة الدوام
A7: =IFERROR(INDEX('الحضور'!$A$3:$A$502,1),"") | B7: =IFERROR(INDEX('الحضور'!$B$3:$B$502,1),"") | C7: =IFERROR(INDEX('الحضور'!$C$3:$C$502,1),"") | D7: =IFERROR(INDEX('الحضور'!$D$3:$D$502,1),"") | E7: =IFERROR(INDEX('الحضور'!$E$3:$E$502,1),"") | F7: =IFERROR(INDEX('الحضور'!$F$3:$F$502,1),"") | G7: =IFERROR(INDEX('الحضور'!$J$3:$J$502,1),"") | H7: =IFERROR(INDEX('الحضور'!$K$3:$K$502,1),"") | I7: =IFERROR(INDEX('الحضور'!$L$3:$L$502,1),"") | J7: =IFERROR(INDEX('الحضور'!$M$3:$M$502,1),"") | K7: =IFERROR(INDEX('الحضور'!$N$3:$N$502,1),"")
A8: =IFERROR(INDEX('الحضور'!$A$3:$A$502,2),"") | B8: =IFERROR(INDEX('الحضور'!$B$3:$B$502,2),"") | C8: =IFERROR(INDEX('الحضور'!$C$3:$C$502,2),"") | D8: =IFERROR(INDEX('الحضور'!$D$3:$D$502,2),"") | E8: =IFERROR(INDEX('الحضور'!$E$3:$E$502,2),"") | F8: =IFERROR(INDEX('الحضور'!$F$3:$F$502,2),"") | G8: =IFERROR(INDEX('الحضور'!$J$3:$J$502,2),"") | H8: =IFERROR(INDEX('الحضور'!$K$3:$K$502,2),"") | I8: =IFERROR(INDEX('الحضور'!$L$3:$L$502,2),"") | J8: =IFERROR(INDEX('الحضور'!$M$3:$M$502,2),"") | K8: =IFERROR(INDEX('الحضور'!$N$3:$N$502,2),"")
A9: =IFERROR(INDEX('الحضور'!$A$3:$A$502,3),"") | B9: =IFERROR(INDEX('الحضور'!$B$3:$B$502,3),"") | C9: =IFERROR(INDEX('الحضور'!$C$3:$C$502,3),"") | D9: =IFERROR(INDEX('الحضور'!$D$3:$D$502,3),"") | E9: =IFERROR(INDEX('الحضور'!$E$3:$E$502,3),"") | F9: =IFERROR(INDEX('الحضور'!$F$3:$F$502,3),"") | G9: =IFERROR(INDEX('الحضور'!$J$3:$J$502,3),"") | H9: =IFERROR(INDEX('الحضور'!$K$3:$K$502,3),"") | I9: =IFERROR(INDEX('الحضور'!$L$3:$L$502,3),"") | J9: =IFERROR(INDEX('الحضور'!$M$3:$M$502,3),"") | K9: =IFERROR(INDEX('الحضور'!$N$3:$N$502,3),"")
A10: =IFERROR(INDEX('الحضور'!$A$3:$A$502,4),"") | B10: =IFERROR(INDEX('الحضور'!$B$3:$B$502,4),"") | C10: =IFERROR(INDEX('الحضور'!$C$3:$C$502,4),"") | D10: =IFERROR(INDEX('الحضور'!$D$3:$D$502,4),"") | E10: =IFERROR(INDEX('الحضور'!$E$3:$E$502,4),"") | F10: =IFERROR(INDEX('الحضور'!$F$3:$F$502,4),"") | G10: =IFERROR(INDEX('الحضور'!$J$3:$J$502,4),"") | H10: =IFERROR(INDEX('الحضور'!$K$3:$K$502,4),"") | I10: =IFERROR(INDEX('الحضور'!$L$3:$L$502,4),"") | J10: =IFERROR(INDEX('الحضور'!$M$3:$M$502,4),"") | K10: =IFERROR(INDEX('الحضور'!$N$3:$N$502,4),"")
A11: =IFERROR(INDEX('الحضور'!$A$3:$A$502,5),"") | B11: =IFERROR(INDEX('الحضور'!$B$3:$B$502,5),"") | C11: =IFERROR(INDEX('الحضور'!$C$3:$C$502,5),"") | D11: =IFERROR(INDEX('الحضور'!$D$3:$D$502,5),"") | E11: =IFERROR(INDEX('الحضور'!$E$3:$E$502,5),"") | F11: =IFERROR(INDEX('الحضور'!$F$3:$F$502,5),"") | G11: =IFERROR(INDEX('الحضور'!$J$3:$J$502,5),"") | H11: =IFERROR(INDEX('الحضور'!$K$3:$K$502,5),"") | I11: =IFERROR(INDEX('الحضور'!$L$3:$L$502,5),"") | J11: =IFERROR(INDEX('الحضور'!$M$3:$M$502,5),"") | K11: =IFERROR(INDEX('الحضور'!$N$3:$N$502,5),"")
A12: =IFERROR(INDEX('الحضور'!$A$3:$A$502,6),"") | B12: =IFERROR(INDEX('الحضور'!$B$3:$B$502,6),"") | C12: =IFERROR(INDEX('الحضور'!$C$3:$C$502,6),"") | D12: =IFERROR(INDEX('الحضور'!$D$3:$D$502,6),"") | E12: =IFERROR(INDEX('الحضور'!$E$3:$E$502,6),"") | F12: =IFERROR(INDEX('الحضور'!$F$3:$F$502,6),"") | G12: =IFERROR(INDEX('الحضور'!$J$3:$J$502,6),"") | H12: =IFERROR(INDEX('الحضور'!$K$3:$K$502,6),"") | I12: =IFERROR(INDEX('الحضور'!$L$3:$L$502,6),"") | J12: =IFERROR(INDEX('الحضور'!$M$3:$M$502,6),"") | K12: =IFERROR(INDEX('الحضور'!$N$3:$N$502,6),"")
A13: =IFERROR(INDEX('الحضور'!$A$3:$A$502,7),"") | B13: =IFERROR(INDEX('الحضور'!$B$3:$B$502,7),"") | C13: =IFERROR(INDEX('الحضور'!$C$3:$C$502,7),"") | D13: =IFERROR(INDEX('الحضور'!$D$3:$D$502,7),"") | E13: =IFERROR(INDEX('الحضور'!$E$3:$E$502,7),"") | F13: =IFERROR(INDEX('الحضور'!$F$3:$F$502,7),"") | G13: =IFERROR(INDEX('الحضور'!$J$3:$J$502,7),"") | H13: =IFERROR(INDEX('الحضور'!$K$3:$K$502,7),"") | I13: =IFERROR(INDEX('الحضور'!$L$3:$L$502,7),"") | J13: =IFERROR(INDEX('الحضور'!$M$3:$M$502,7),"") | K13: =IFERROR(INDEX('الحضور'!$N$3:$N$502,7),"")
A14: =IFERROR(INDEX('الحضور'!$A$3:$A$502,8),"") | B14: =IFERROR(INDEX('الحضور'!$B$3:$B$502,8),"") | C14: =IFERROR(INDEX('الحضور'!$C$3:$C$502,8),"") | D14: =IFERROR(INDEX('الحضور'!$D$3:$D$502,8),"") | E14: =IFERROR(INDEX('الحضور'!$E$3:$E$502,8),"") | F14: =IFERROR(INDEX('الحضور'!$F$3:$F$502,8),"") | G14: =IFERROR(INDEX('الحضور'!$J$3:$J$502,8),"") | H14: =IFERROR(INDEX('الحضور'!$K$3:$K$502,8),"") | I14: =IFERROR(INDEX('الحضور'!$L$3:$L$502,8),"") | J14: =IFERROR(INDEX('الحضور'!$M$3:$M$502,8),"") | K14: =IFERROR(INDEX('الحضور'!$N$3:$N$502,8),"")
A15: =IFERROR(INDEX('الحضور'!$A$3:$A$502,9),"") | B15: =IFERROR(INDEX('الحضور'!$B$3:$B$502,9),"") | C15: =IFERROR(INDEX('الحضور'!$C$3:$C$502,9),"") | D15: =IFERROR(INDEX('الحضور'!$D$3:$D$502,9),"") | E15: =IFERROR(INDEX('الحضور'!$E$3:$E$502,9),"") | F15: =IFERROR(INDEX('الحضور'!$F$3:$F$502,9),"") | G15: =IFERROR(INDEX('الحضور'!$J$3:$J$502,9),"") | H15: =IFERROR(INDEX('الحضور'!$K$3:$K$502,9),"") | I15: =IFERROR(INDEX('الحضور'!$L$3:$L$502,9),"") | J15: =IFERROR(INDEX('الحضور'!$M$3:$M$502,9),"") | K15: =IFERROR(INDEX('الحضور'!$N$3:$N$502,9),"")
A16: =IFERROR(INDEX('الحضور'!$A$3:$A$502,10),"") | B16: =IFERROR(INDEX('الحضور'!$B$3:$B$502,10),"") | C16: =IFERROR(INDEX('الحضور'!$C$3:$C$502,10),"") | D16: =IFERROR(INDEX('الحضور'!$D$3:$D$502,10),"") | E16: =IFERROR(INDEX('الحضور'!$E$3:$E$502,10),"") | F16: =IFERROR(INDEX('الحضور'!$F$3:$F$502,10),"") | G16: =IFERROR(INDEX('الحضور'!$J$3:$J$502,10),"") | H16: =IFERROR(INDEX('الحضور'!$K$3:$K$502,10),"") | I16: =IFERROR(INDEX('الحضور'!$L$3:$L$502,10),"") | J16: =IFERROR(INDEX('الحضور'!$M$3:$M$502,10),"") | K16: =IFERROR(INDEX('الحضور'!$N$3:$N$502,10),"")
A17: =IFERROR(INDEX('الحضور'!$A$3:$A$502,11),"") | B17: =IFERROR(INDEX('الحضور'!$B$3:$B$502,11),"") | C17: =IFERROR(INDEX('الحضور'!$C$3:$C$502,11),"") | D17: =IFERROR(INDEX('الحضور'!$D$3:$D$502,11),"") | E17: =IFERROR(INDEX('الحضور'!$E$3:$E$502,11),"") | F17: =IFERROR(INDEX('الحضور'!$F$3:$F$502,11),"") | G17: =IFERROR(INDEX('الحضور'!$J$3:$J$502,11),"") | H17: =IFERROR(INDEX('الحضور'!$K$3:$K$502,11),"") | I17: =IFERROR(INDEX('الحضور'!$L$3:$L$502,11),"") | J17: =IFERROR(INDEX('الحضور'!$M$3:$M$502,11),"") | K17: =IFERROR(INDEX('الحضور'!$N$3:$N$502,11),"")
A18: =IFERROR(INDEX('الحضور'!$A$3:$A$502,12),"") | B18: =IFERROR(INDEX('الحضور'!$B$3:$B$502,12),"") | C18: =IFERROR(INDEX('الحضور'!$C$3:$C$502,12),"") | D18: =IFERROR(INDEX('الحضور'!$D$3:$D$502,12),"") | E18: =IFERROR(INDEX('الحضور'!$E$3:$E$502,12),"") | F18: =IFERROR(INDEX('الحضور'!$F$3:$F$502,12),"") | G18: =IFERROR(INDEX('الحضور'!$J$3:$J$502,12),"") | H18: =IFERROR(INDEX('الحضور'!$K$3:$K$502,12),"") | I18: =IFERROR(INDEX('الحضور'!$L$3:$L$502,12),"") | J18: =IFERROR(INDEX('الحضور'!$M$3:$M$502,12),"") | K18: =IFERROR(INDEX('الحضور'!$N$3:$N$502,12),"")
A19: =IFERROR(INDEX('الحضور'!$A$3:$A$502,13),"") | B19: =IFERROR(INDEX('الحضور'!$B$3:$B$502,13),"") | C19: =IFERROR(INDEX('الحضور'!$C$3:$C$502,13),"") | D19: =IFERROR(INDEX('الحضور'!$D$3:$D$502,13),"") | E19: =IFERROR(INDEX('الحضور'!$E$3:$E$502,13),"") | F19: =IFERROR(INDEX('الحضور'!$F$3:$F$502,13),"") | G19: =IFERROR(INDEX('الحضور'!$J$3:$J$502,13),"") | H19: =IFERROR(INDEX('الحضور'!$K$3:$K$502,13),"") | I19: =IFERROR(INDEX('الحضور'!$L$3:$L$502,13),"") | J19: =IFERROR(INDEX('الحضور'!$M$3:$M$502,13),"") | K19: =IFERROR(INDEX('الحضور'!$N$3:$N$502,13),"")
A20: =IFERROR(INDEX('الحضور'!$A$3:$A$502,14),"") | B20: =IFERROR(INDEX('الحضور'!$B$3:$B$502,14),"") | C20: =IFERROR(INDEX('الحضور'!$C$3:$C$502,14),"") | D20: =IFERROR(INDEX('الحضور'!$D$3:$D$502,14),"") | E20: =IFERROR(INDEX('الحضور'!$E$3:$E$502,14),"") | F20: =IFERROR(INDEX('الحضور'!$F$3:$F$502,14),"") | G20: =IFERROR(INDEX('الحضور'!$J$3:$J$502,14),"") | H20: =IFERROR(INDEX('الحضور'!$K$3:$K$502,14),"") | I20: =IFERROR(INDEX('الحضور'!$L$3:$L$502,14),"") | J20: =IFERROR(INDEX('الحضور'!$M$3:$M$502,14),"") | K20: =IFERROR(INDEX('الحضور'!$N$3:$N$502,14),"")
A21: =IFERROR(INDEX('الحضور'!$A$3:$A$502,15),"") | B21: =IFERROR(INDEX('الحضور'!$B$3:$B$502,15),"") | C21: =IFERROR(INDEX('الحضور'!$C$3:$C$502,15),"") | D21: =IFERROR(INDEX('الحضور'!$D$3:$D$502,15),"") | E21: =IFERROR(INDEX('الحضور'!$E$3:$E$502,15),"") | F21: =IFERROR(INDEX('الحضور'!$F$3:$F$502,15),"") | G21: =IFERROR(INDEX('الحضور'!$J$3:$J$502,15),"") | H21: =IFERROR(INDEX('الحضور'!$K$3:$K$502,15),"") | I21: =IFERROR(INDEX('الحضور'!$L$3:$L$502,15),"") | J21: =IFERROR(INDEX('الحضور'!$M$3:$M$502,15),"") | K21: =IFERROR(INDEX('الحضور'!$N$3:$N$502,15),"")
A22: =IFERROR(INDEX('الحضور'!$A$3:$A$502,16),"") | B22: =IFERROR(INDEX('الحضور'!$B$3:$B$502,16),"") | C22: =IFERROR(INDEX('الحضور'!$C$3:$C$502,16),"") | D22: =IFERROR(INDEX('الحضور'!$D$3:$D$502,16),"") | E22: =IFERROR(INDEX('الحضور'!$E$3:$E$502,16),"") | F22: =IFERROR(INDEX('الحضور'!$F$3:$F$502,16),"") | G22: =IFERROR(INDEX('الحضور'!$J$3:$J$502,16),"") | H22: =IFERROR(INDEX('الحضور'!$K$3:$K$502,16),"") | I22: =IFERROR(INDEX('الحضور'!$L$3:$L$502,16),"") | J22: =IFERROR(INDEX('الحضور'!$M$3:$M$502,16),"") | K22: =IFERROR(INDEX('الحضور'!$N$3:$N$502,16),"")
A23: =IFERROR(INDEX('الحضور'!$A$3:$A$502,17),"") | B23: =IFERROR(INDEX('الحضور'!$B$3:$B$502,17),"") | C23: =IFERROR(INDEX('الحضور'!$C$3:$C$502,17),"") | D23: =IFERROR(INDEX('الحضور'!$D$3:$D$502,17),"") | E23: =IFERROR(INDEX('الحضور'!$E$3:$E$502,17),"") | F23: =IFERROR(INDEX('الحضور'!$F$3:$F$502,17),"") | G23: =IFERROR(INDEX('الحضور'!$J$3:$J$502,17),"") | H23: =IFERROR(INDEX('الحضور'!$K$3:$K$502,17),"") | I23: =IFERROR(INDEX('الحضور'!$L$3:$L$502,17),"") | J23: =IFERROR(INDEX('الحضور'!$M$3:$M$502,17),"") | K23: =IFERROR(INDEX('الحضور'!$N$3:$N$502,17),"")
A24: =IFERROR(INDEX('الحضور'!$A$3:$A$502,18),"") | B24: =IFERROR(INDEX('الحضور'!$B$3:$B$502,18),"") | C24: =IFERROR(INDEX('الحضور'!$C$3:$C$502,18),"") | D24: =IFERROR(INDEX('الحضور'!$D$3:$D$502,18),"") | E24: =IFERROR(INDEX('الحضور'!$E$3:$E$502,18),"") | F24: =IFERROR(INDEX('الحضور'!$F$3:$F$502,18),"") | G24: =IFERROR(INDEX('الحضور'!$J$3:$J$502,18),"") | H24: =IFERROR(INDEX('الحضور'!$K$3:$K$502,18),"") | I24: =IFERROR(INDEX('الحضور'!$L$3:$L$502,18),"") | J24: =IFERROR(INDEX('الحضور'!$M$3:$M$502,18),"") | K24: =IFERROR(INDEX('الحضور'!$N$3:$N$502,18),"")
A25: =IFERROR(INDEX('الحضور'!$A$3:$A$502,19),"") | B25: =IFERROR(INDEX('الحضور'!$B$3:$B$502,19),"") | C25: =IFERROR(INDEX('الحضور'!$C$3:$C$502,19),"") | D25: =IFERROR(INDEX('الحضور'!$D$3:$D$502,19),"") | E25: =IFERROR(INDEX('الحضور'!$E$3:$E$502,19),"") | F25: =IFERROR(INDEX('الحضور'!$F$3:$F$502,19),"") | G25: =IFERROR(INDEX('الحضور'!$J$3:$J$502,19),"") | H25: =IFERROR(INDEX('الحضور'!$K$3:$K$502,19),"") | I25: =IFERROR(INDEX('الحضور'!$L$3:$L$502,19),"") | J25: =IFERROR(INDEX('الحضور'!$M$3:$M$502,19),"") | K25: =IFERROR(INDEX('الحضور'!$N$3:$N$502,19),"")
A26: =IFERROR(INDEX('الحضور'!$A$3:$A$502,20),"") | B26: =IFERROR(INDEX('الحضور'!$B$3:$B$502,20),"") | C26: =IFERROR(INDEX('الحضور'!$C$3:$C$502,20),"") | D26: =IFERROR(INDEX('الحضور'!$D$3:$D$502,20),"") | E26: =IFERROR(INDEX('الحضور'!$E$3:$E$502,20),"") | F26: =IFERROR(INDEX('الحضور'!$F$3:$F$502,20),"") | G26: =IFERROR(INDEX('الحضور'!$J$3:$J$502,20),"") | H26: =IFERROR(INDEX('الحضور'!$K$3:$K$502,20),"") | I26: =IFERROR(INDEX('الحضور'!$L$3:$L$502,20),"") | J26: =IFERROR(INDEX('الحضور'!$M$3:$M$502,20),"") | K26: =IFERROR(INDEX('الحضور'!$N$3:$N$502,20),"")
A27: =IFERROR(INDEX('الحضور'!$A$3:$A$502,21),"") | B27: =IFERROR(INDEX('الحضور'!$B$3:$B$502,21),"") | C27: =IFERROR(INDEX('الحضور'!$C$3:$C$502,21),"") | D27: =IFERROR(INDEX('الحضور'!$D$3:$D$502,21),"") | E27: =IFERROR(INDEX('الحضور'!$E$3:$E$502,21),"") | F27: =IFERROR(INDEX('الحضور'!$F$3:$F$502,21),"") | G27: =IFERROR(INDEX('الحضور'!$J$3:$J$502,21),"") | H27: =IFERROR(INDEX('الحضور'!$K$3:$K$502,21),"") | I27: =IFERROR(INDEX('الحضور'!$L$3:$L$502,21),"") | J27: =IFERROR(INDEX('الحضور'!$M$3:$M$502,21),"") | K27: =IFERROR(INDEX('الحضور'!$N$3:$N$502,21),"")
A28: =IFERROR(INDEX('الحضور'!$A$3:$A$502,22),"") | B28: =IFERROR(INDEX('الحضور'!$B$3:$B$502,22),"") | C28: =IFERROR(INDEX('الحضور'!$C$3:$C$502,22),"") | D28: =IFERROR(INDEX('الحضور'!$D$3:$D$502,22),"") | E28: =IFERROR(INDEX('الحضور'!$E$3:$E$502,22),"") | F28: =IFERROR(INDEX('الحضور'!$F$3:$F$502,22),"") | G28: =IFERROR(INDEX('الحضور'!$J$3:$J$502,22),"") | H28: =IFERROR(INDEX('الحضور'!$K$3:$K$502,22),"") | I28: =IFERROR(INDEX('الحضور'!$L$3:$L$502,22),"") | J28: =IFERROR(INDEX('الحضور'!$M$3:$M$502,22),"") | K28: =IFERROR(INDEX('الحضور'!$N$3:$N$502,22),"")
A29: =IFERROR(INDEX('الحضور'!$A$3:$A$502,23),"") | B29: =IFERROR(INDEX('الحضور'!$B$3:$B$502,23),"") | C29: =IFERROR(INDEX('الحضور'!$C$3:$C$502,23),"") | D29: =IFERROR(INDEX('الحضور'!$D$3:$D$502,23),"") | E29: =IFERROR(INDEX('الحضور'!$E$3:$E$502,23),"") | F29: =IFERROR(INDEX('الحضور'!$F$3:$F$502,23),"") | G29: =IFERROR(INDEX('الحضور'!$J$3:$J$502,23),"") | H29: =IFERROR(INDEX('الحضور'!$K$3:$K$502,23),"") | I29: =IFERROR(INDEX('الحضور'!$L$3:$L$502,23),"") | J29: =IFERROR(INDEX('الحضور'!$M$3:$M$502,23),"") | K29: =IFERROR(INDEX('الحضور'!$N$3:$N$502,23),"")
A30: =IFERROR(INDEX('الحضور'!$A$3:$A$502,24),"") | B30: =IFERROR(INDEX('الحضور'!$B$3:$B$502,24),"") | C30: =IFERROR(INDEX('الحضور'!$C$3:$C$502,24),"") | D30: =IFERROR(INDEX('الحضور'!$D$3:$D$502,24),"") | E30: =IFERROR(INDEX('الحضور'!$E$3:$E$502,24),"") | F30: =IFERROR(INDEX('الحضور'!$F$3:$F$502,24),"") | G30: =IFERROR(INDEX('الحضور'!$J$3:$J$502,24),"") | H30: =IFERROR(INDEX('الحضور'!$K$3:$K$502,24),"") | I30: =IFERROR(INDEX('الحضور'!$L$3:$L$502,24),"") | J30: =IFERROR(INDEX('الحضور'!$M$3:$M$502,24),"") | K30: =IFERROR(INDEX('الحضور'!$N$3:$N$502,24),"")
A31: =IFERROR(INDEX('الحضور'!$A$3:$A$502,25),"") | B31: =IFERROR(INDEX('الحضور'!$B$3:$B$502,25),"") | C31: =IFERROR(INDEX('الحضور'!$C$3:$C$502,25),"") | D31: =IFERROR(INDEX('الحضور'!$D$3:$D$502,25),"") | E31: =IFERROR(INDEX('الحضور'!$E$3:$E$502,25),"") | F31: =IFERROR(INDEX('الحضور'!$F$3:$F$502,25),"") | G31: =IFERROR(INDEX('الحضور'!$J$3:$J$502,25),"") | H31: =IFERROR(INDEX('الحضور'!$K$3:$K$502,25),"") | I31: =IFERROR(INDEX('الحضور'!$L$3:$L$502,25),"") | J31: =IFERROR(INDEX('الحضور'!$M$3:$M$502,25),"") | K31: =IFERROR(INDEX('الحضور'!$N$3:$N$502,25),"")
A32: =IFERROR(INDEX('الحضور'!$A$3:$A$502,26),"") | B32: =IFERROR(INDEX('الحضور'!$B$3:$B$502,26),"") | C32: =IFERROR(INDEX('الحضور'!$C$3:$C$502,26),"") | D32: =IFERROR(INDEX('الحضور'!$D$3:$D$502,26),"") | E32: =IFERROR(INDEX('الحضور'!$E$3:$E$502,26),"") | F32: =IFERROR(INDEX('الحضور'!$F$3:$F$502,26),"") | G32: =IFERROR(INDEX('الحضور'!$J$3:$J$502,26),"") | H32: =IFERROR(INDEX('الحضور'!$K$3:$K$502,26),"") | I32: =IFERROR(INDEX('الحضور'!$L$3:$L$502,26),"") | J32: =IFERROR(INDEX('الحضور'!$M$3:$M$502,26),"") | K32: =IFERROR(INDEX('الحضور'!$N$3:$N$502,26),"")
